Date,Open,High,Low,Close,Volume,Ticker
2020-01-02,151.56687969003406,153.42829142402064,151.13732537689975,153.3232879638672,22622100,MSFT
2020-01-03,151.12773328370503,152.6836745782892,150.87953542687913,151.41409301757812,21116200,MSFT
2020-01-06,149.94408480527218,151.8723232086729,149.3999720884019,151.8054962158203,20813700,MSFT
2020-01-07,152.0823310334366,152.41642230295344,150.17318812555376,150.42137145996094,21634100,MSFT
2020-01-08,151.71001553116633,153.4950738351807,150.7745396996867,152.81732177734375,27746500,MSFT
2020-01-09,154.48785857360957,154.8506004292795,153.71465793650782,154.72650146484375,21385000,MSFT
2020-01-10,155.423335359617,155.8051581253616,153.85782414949148,154.01055908203125,20725900,MSFT
2020-01-13,154.4114740608552,155.89106273635204,153.9341883310565,155.8624267578125,21626500,MSFT
2020-01-14,155.96746453288432,156.16793099239288,154.3733315923253,154.76470947265625,23477400,MSFT
2020-01-15,155.23241007287436,156.4924514232917,155.18469315115652,155.7669677734375,21417900,MSFT
2020-01-16,156.8837968406073,158.68793599036624,156.5783270372863,158.62110900878906,23865400,MSFT
2020-01-17,159.81438174136917,159.86211323634743,157.91477893985072,159.50892639160156,34371700,MSFT
2020-01-21,159.10800365831804,160.54941624453343,158.86936073377728,158.93618774414062,29517200,MSFT
2020-01-22,159.79525389317888,159.88117639299483,158.15338984431403,158.1724853515625,24138800,MSFT
2020-01-23,158.64025741366353,159.22254667551476,157.7620532846694,159.14617919921875,19680800,MSFT
2020-01-24,159.90024236223502,159.91933786769545,156.97925634771383,157.54244995117188,24918100,MSFT
2020-01-27,153.8291817842759,155.95788658346538,152.92234182907538,154.90785217285156,32078100,MSFT
2020-01-28,156.3397174739805,158.22976494589605,155.66197987278883,157.9434051513672,24899900,MSFT
2020-01-29,160.21526233672495,161.0839258176197,158.16293962662346,160.4061737060547,34754500,MSFT
2020-01-30,166.14318767976638,166.14318767976638,163.03127498323494,164.93087768554688,51597500,MSFT
2020-01-31,164.38679705151776,164.56815343740521,161.87626884723204,162.49673461914062,36142700,MSFT
2020-02-03,162.6875918309989,166.57270430396193,162.6589558551061,166.45816040039062,30107000,MSFT
2020-02-04,169.0928045525023,172.43380499267923,168.30050841453047,171.9374237060547,36433300,MSFT
2020-02-05,175.66977095885156,175.83204634656084,170.3050844317914,171.72738647460938,39186300,MSFT
2020-02-06,172.74880025877843,175.46933477716024,171.8801367244904,175.2879638671875,27751400,MSFT
2020-02-07,174.5433698005128,177.19707687616415,174.19016851132312,175.53611755371094,33529100,MSFT
2020-02-10,175.24022348953673,180.26126392824392,174.92521317224083,180.12762451171875,35844300,MSFT
2020-02-11,181.98899034417119,182.03672181647573,175.1638122070311,176.0611114501953,53159900,MSFT
2020-02-12,177.1493965685091,177.40713497494,173.58884863329462,176.3189239501953,47062900,MSFT
2020-02-13,174.76294940925624,177.76984376399173,174.5624829883249,175.3643341064453,35295800,MSFT
2020-02-14,174.92521894941493,176.98709678584612,174.35247025076032,176.92982482910156,23149500,MSFT
2020-02-18,177.17802502781936,179.17307606087337,177.0730215752583,178.72442626953125,27792200,MSFT
2020-02-19,180.00700463143806,180.12186138936497,178.48509416736147,179.26040649414062,29997500,MSFT
2020-02-20,178.94454904497888,179.2317055664298,173.345062600929,176.52288818359375,36862400,MSFT
2020-02-21,175.3264467677573,175.6423175383204,169.65994977475364,170.94256591796875,48572600,MSFT
2020-02-24,160.58584282779552,167.0755119618359,156.240244210252,163.57223510742188,68311100,MSFT
2020-02-25,166.7405271336605,167.35312091933608,160.47100370822852,160.87303161621094,68073300,MSFT
2020-02-26,162.44282359860227,165.84079671755148,161.00705537187227,162.88311767578125,56206100,MSFT
2020-02-27,156.32643735669026,159.87756226966422,151.2150918330818,151.40652465820312,93174900,MSFT
2020-02-28,145.88360337407545,156.6997251752608,145.49115661738037,155.072509765625,97012700,MSFT
2020-03-02,158.231207136145,165.51533756180737,155.35967106198723,165.39089965820312,71030800,MSFT
2020-03-03,166.35770028059628,167.50631207086104,155.31184729416148,157.4654998779297,71677000,MSFT
2020-03-04,161.2750404354644,163.39039713117188,158.5279277026881,163.246826171875,49814400,MSFT
2020-03-05,158.93953547189074,163.5531294844052,158.59495053526152,159.15011596679688,47817300,MSFT
2020-03-06,155.64682659379633,156.12541593642464,149.31987490003448,154.6513671875,72821100,MSFT
2020-03-09,144.53400546163766,150.99496265942608,143.57682661752085,144.17027282714844,70419300,MSFT
2020-03-10,151.38739718518477,154.1344955707755,146.04633791651764,154.02920532226562,65354400,MSFT
2020-03-11,150.40151758117216,150.94710193161995,144.6775775344153,147.0513916015625,56371600,MSFT
2020-03-12,139.07808679635838,146.89823607785505,132.64584389604912,133.10528564453125,93226400,MSFT
2020-03-13,141.1838506811791,154.97679851403672,134.70374714006678,152.0286865234375,92727400,MSFT
2020-03-16,134.00505133305953,142.95468024638834,129.2191566425931,129.6211700439453,87905900,MSFT
2020-03-17,134.00502955980318,141.18387042907835,129.21913564695305,140.293701171875,81059800,MSFT
2020-03-18,132.09064047139663,139.74806890452106,129.23825246956574,134.3878631591797,81593200,MSFT
2020-03-19,136.65642741711832,143.72039734227005,133.04785909180967,136.5989990234375,85922700,MSFT
2020-03-20,139.7480961231457,140.80099857992752,130.0423042779866,131.468505859375,84866200,MSFT
2020-03-23,131.14304312122096,134.55061142383002,126.84532027961379,130.1571502685547,78975200,MSFT
2020-03-24,137.59445259067172,143.1939544165174,135.22065325461648,141.98789978027344,82516700,MSFT
2020-03-25,142.5334834948533,147.72139028792844,138.2548935442496,140.62869262695312,75638200,MSFT
2020-03-26,142.04533102950404,149.95163742924396,142.0166168333385,149.42518615722656,64568100,MSFT
2020-03-27,145.25184603830556,148.25738612335064,142.81103779665065,143.2896270751953,57042300,MSFT
2020-03-30,145.91228446152718,153.72286407635272,143.5863332458738,153.3686981201172,63420300,MSFT
2020-03-31,152.5742694137717,157.72389517204311,149.8558855807532,150.95664978027344,77927200,MSFT
2020-04-01,146.4483392537087,150.99493802138917,144.36169672460142,145.59645080566406,57969900,MSFT
2020-04-02,145.35715532805682,148.82213748544504,143.92138730411529,148.61155700683594,49630700,MSFT
2020-04-03,148.4584804017004,150.64084752466644,145.67308578764855,147.24285888671875,41243300,MSFT
2020-04-06,153.45492996002932,159.3702886170286,150.8322544870095,158.19296264648438,67111700,MSFT
2020-04-07,162.32794813884126,162.7203949496014,156.26900462130646,156.48916625976562,62769000,MSFT
2020-04-08,158.57583015210966,159.53300907348805,156.49875364536553,158.0589599609375,48318200,MSFT
2020-04-09,159.23627130806562,160.20301667185575,156.33602061130526,158.06851196289062,51385100,MSFT
2020-04-13,157.3123520753482,158.48011145737536,155.35013248388347,158.42266845703125,41905300,MSFT
2020-04-14,161.7631955365977,166.3097942277151,160.8060168647835,166.26193237304688,52874300,MSFT
2020-04-15,163.86900827959028,166.13753197612417,161.9929460032736,164.5198974609375,40940800,MSFT
2020-04-16,166.83624782982258,169.6886362235502,165.49618890668037,169.4589080810547,50479600,MSFT
2020-04-17,171.8135575532285,172.29214685003413,168.33899458469585,170.9521026611328,52765600,MSFT
2020-04-20,169.06649845044674,171.09571286072054,167.49672578100314,167.563720703125,36669600,MSFT
2020-04-21,166.07047997263564,166.2331985750058,158.99693100643162,160.6337127685547,56203700,MSFT
2020-04-22,164.0508501636032,166.54908705362305,163.5052659215048,166.0896453857422,34620200,MSFT
2020-04-23,166.65438768105864,167.56370454484113,163.59141869523893,164.07957458496094,32790800,MSFT
2020-04-24,164.69216602575494,167.08511279378087,163.39998353425372,167.07554626464844,34277600,MSFT
2020-04-27,169.028212761145,169.32493587330342,165.8791007124243,166.59698486328125,33194400,MSFT
2020-04-28,168.07098913910997,168.14756518079076,162.13648466002041,162.5384979248047,34392700,MSFT
2020-04-29,165.8025000977444,170.07150903698547,164.5198841101079,169.83221435546875,51286600,MSFT
2020-04-30,172.2921755306454,172.67504118966917,168.6836075425225,171.5360107421875,53875900,MSFT
2020-05-01,168.27202178019542,170.99040583781405,166.55866369356815,167.09469604492188,39370500,MSFT
2020-05-04,167.0181352030328,171.33500636237935,166.35767948968982,171.18185424804688,30372900,MSFT
2020-05-05,172.8856488580524,175.78589976691757,172.19647887917444,173.0196533203125,36839200,MSFT
2020-05-06,174.28307944064966,176.31229337796827,173.85235199617549,174.72337341308594,32139300,MSFT
2020-05-07,176.2836061355487,176.64733872911614,174.76169544991922,175.73802185058594,28316000,MSFT
2020-05-08,177.05893085391247,177.07807851947766,175.50830586708815,176.7717742919922,30877800,MSFT
2020-05-11,175.30727805996978,179.480577895145,175.0201361260951,178.74356079101562,30892700,MSFT
2020-05-12,178.80097625310097,179.0306897835958,174.49367229167643,174.69467163085938,32038200,MSFT
2020-05-13,174.7329594946061,176.16872742043623,168.98030665766586,172.0528564453125,44711500,MSFT
2020-05-14,169.93751443835154,172.95263636326058,168.1571613205752,172.7994842529297,41873900,MSFT
2020-05-15,171.3924103645551,179.04983972684337,169.42062464062786,175.3168487548828,46610400,MSFT
2020-05-18,177.79597008217846,178.22669764043815,176.08262637962895,176.991943359375,35264500,MSFT
2020-05-19,177.1067833021555,178.60956095328046,175.63273445054617,175.76673889160156,26799100,MSFT
2020-05-20,177.38886870679679,178.38711523926915,176.5538086361456,178.20474243164062,31261300,MSFT
2020-05-21,177.95521112866575,179.1742180643741,175.92993811648662,176.06431579589844,29119500,MSFT
2020-05-22,175.83390963368913,177.05291620338292,175.21000194469843,176.14105224609375,20826900,MSFT
2020-05-26,178.85742425340143,179.01100289158117,173.82784834456731,174.2789764404297,36073600,MSFT
2020-05-27,172.96395779289628,174.6820874691233,169.50852674368852,174.50930786132812,39517100,MSFT
2020-05-28,173.48234307224024,176.75540249504493,173.13679838100924,174.11582946777344,33810200,MSFT
2020-05-29,175.39237153809773,176.870540186914,173.16554003905907,175.89149475097656,42130400,MSFT
2020-06-01,175.21000969417707,175.65154461123888,174.17339051615602,175.48837280273438,22622400,MSFT
2020-06-02,176.85137755315077,177.57126104386916,174.0678339141332,177.48487854003906,30794600,MSFT
2020-06-03,177.39849940314627,178.4735207496143,176.2082867366514,177.91680908203125,27311000,MSFT
2020-06-04,176.89935826789164,178.37751247051122,174.9796691160883,175.57476806640625,28761800,MSFT
2020-06-05,175.2868319420799,180.19163887538335,174.70132609753838,179.68292236328125,39893600,MSFT
2020-06-08,178.4734734319101,180.97866794881153,177.03370680486475,180.79629516601562,33211600,MSFT
2020-06-09,180.45080443482468,183.0423822076006,179.74051408095423,182.17852783203125,29783900,MSFT
2020-06-10,183.45510184718313,190.54835280749057,183.3399105366351,188.93580627441406,43872300,MSFT
2020-06-11,185.37475539964854,187.89913623603275,178.59825621537857,178.79022216796875,52854700,MSFT
2020-06-12,182.88878610959796,184.02141036884822,177.7440183982765,180.20123291015625,43373600,MSFT
2020-06-15,177.16810461859515,183.1575397419374,176.6209862078857,181.35302734375,32770200,MSFT
2020-06-16,185.14441722165304,187.7264014401968,183.77184652630078,185.797119140625,42556700,MSFT
2020-06-17,187.1984868366461,188.436694543805,185.91229861744995,186.44021606445312,25687800,MSFT
2020-06-18,186.20982979362395,188.5998478300532,186.20982979362395,188.43667602539062,23061600,MSFT
2020-06-19,190.61554281919862,191.28743113543558,186.56499728208425,187.3136749267578,44441100,MSFT
2020-06-22,187.92795146469385,192.69837988397876,187.39044087875726,192.51602172851562,32818900,MSFT
2020-06-23,193.97496529175126,195.7602765905468,193.34146442693836,193.8022003173828,30917400,MSFT
2020-06-24,193.5046700779073,195.08840775103926,188.66704527062345,189.89564514160156,36740600,MSFT
2020-06-25,189.8572588057207,192.55441970306296,187.6208192009114,192.29525756835938,27803900,MSFT
2020-06-26,191.70977031493157,191.86334897596745,187.05453249006115,188.44630432128906,54675800,MSFT
2020-06-29,187.91836756197677,190.55794011288884,185.77791828522643,190.4715576171875,26701600,MSFT
2020-06-30,189.9340518454055,196.19222801680598,189.79967418886784,195.3379669189453,34310300,MSFT
2020-07-01,194.98279337525491,198.06390038374025,193.66781121683078,196.4801483154297,32061200,MSFT
2020-07-02,197.4208122291355,199.66685951857852,196.76812499098386,197.97752380371094,29315800,MSFT
2020-07-06,200.44435306598547,202.65199861364175,199.73406277703288,202.2392578125,31897600,MSFT
2020-07-07,201.9993048493179,206.0498504677859,199.6380951982517,199.8876495361328,33600700,MSFT
2020-07-08,201.63454111797887,204.69643276987244,200.30995102141637,204.28370666503906,33600000,MSFT
2020-07-09,207.64316463911499,207.69115979383565,202.97831973392456,205.71388244628906,33121700,MSFT
2020-07-10,205.0420011781126,205.48353614357757,202.60400230969233,205.08999633789062,26177600,MSFT
2020-07-13,205.86745720277855,207.13445905255088,198.20790171209103,198.75502014160156,38135600,MSFT
2020-07-14,197.85277114576334,200.4635496170583,193.91740244601345,199.98362731933594,37591800,MSFT
2020-07-15,201.1450182076608,202.84394713378967,196.7969236401965,199.68605041503906,32179400,MSFT
2020-07-16,197.1521029740336,197.44005932413208,194.18618625397653,195.73153686523438,29940700,MSFT
2020-07-17,196.2594257601162,196.80652956400527,193.30310264624077,194.7332763671875,31635300,MSFT
2020-07-20,196.7681092471576,203.7749765544399,194.8580135482242,203.10308837890625,36884800,MSFT
2020-07-21,205.08039405818826,205.34914936573205,199.67646444980613,200.3675537109375,37990400,MSFT
2020-07-22,200.799463939146,203.77498771005708,200.0219922473186,203.2470703125,49605700,MSFT
2020-07-23,198.8701920137259,202.4504080367256,194.03256734424946,194.4069061279297,67457000,MSFT
2020-07-24,192.37205264774803,194.71407581114096,189.57890135143603,193.2167205810547,39827000,MSFT
2020-07-27,193.3798871308601,195.7794985613358,192.79438135598141,195.66432189941406,30160900,MSFT
2020-07-28,195.43395576554883,196.48018284400942,193.6390510854315,193.90780639648438,23251400,MSFT
2020-07-29,194.3685503836158,196.43221061568144,193.89822121133773,195.86590576171875,19632600,MSFT
2020-07-30,192.92875222913779,196.24982077645538,191.55618156926076,195.71229553222656,25079600,MSFT
2020-07-31,196.19220424708922,196.86410709443905,191.0186431280946,196.7777099609375,51044000,MSFT
2020-08-03,203.02634741238876,208.90059206881253,201.98971341783152,207.84475708007812,78983000,MSFT
2020-08-04,205.56994883043487,206.14586154020836,201.86494750093271,204.72528076171875,49280100,MSFT
2020-08-05,206.2705691716204,206.36655947631414,203.0742999994307,204.3892822265625,28806400,MSFT
2020-08-06,203.81338285693832,207.6815551197409,203.05511212670442,207.66236877441406,32656800,MSFT
2020-08-07,206.22261074447047,207.03846983746,202.46000715938482,203.94776916503906,27820400,MSFT
2020-08-10,203.1703165008788,203.37189032283186,198.06395054885186,199.8876495361328,36716500,MSFT
2020-08-11,198.84142269194282,199.31173720046735,194.98284306926817,195.2132110595703,36446500,MSFT
2020-08-12,197.04646891700722,201.83609819491352,196.52815933665153,200.7898712158203,28013100,MSFT
2020-08-13,201.02983978206382,202.86314634098838,199.79163214226165,200.31954956054688,22588900,MSFT
2020-08-14,200.3771274861899,201.1738001585949,199.17732189149518,200.51150512695312,17958900,MSFT
2020-08-17,201.18341810043327,202.7095673786257,200.53071620812176,201.8361053466797,20184800,MSFT
2020-08-18,202.07607086878687,203.83258814350498,200.80908368545613,202.99752807617188,21336200,MSFT
2020-08-19,203.4882439502572,204.07516508026322,201.3329894587743,201.76596069335938,27627600,MSFT
2020-08-20,201.6120151874665,206.8654417016913,201.00586131843818,206.46133422851562,26981500,MSFT
2020-08-21,205.76854196753658,208.06811499805988,204.79676091229612,204.9603271484375,36249300,MSFT
2020-08-24,206.66336818458626,207.36575904990627,204.39265869951632,205.60499572753906,25460100,MSFT
2020-08-25,205.03734001335152,208.41453342738419,205.03734001335152,208.2798309326172,23043700,MSFT
2020-08-26,209.63646191833058,213.68716732300356,209.13613213396252,212.78273010253906,39600800,MSFT
2020-08-27,214.45691838795236,222.40439459903496,211.09895784566456,218.00730895996094,57602200,MSFT
2020-08-28,219.54675464075623,221.91368648298578,218.00729978629948,220.2491455078125,26292900,MSFT
2020-08-31,218.41140795600424,220.04708516739845,215.8231823144508,216.9970245361328,28774200,MSFT
2020-09-01,216.97778412727217,218.84438623445757,215.93864435580392,218.67120361328125,25725500,MSFT
2020-09-02,219.34467811962938,224.04966270700592,218.74814073011743,222.88543701171875,34080800,MSFT
2020-09-03,220.59551270000665,220.63399282952477,206.8269377039403,209.07839965820312,58400300,MSFT
2020-09-04,206.96166006206397,210.09831211126607,197.4266031074665,206.14381408691406,59664100,MSFT
2020-09-08,198.68704974112163,202.08349062755386,194.5497377787411,194.99234008789062,52924300,MSFT
2020-09-09,199.7454158901792,206.7114795601628,198.87945877197268,203.29579162597656,45679000,MSFT
2020-09-10,205.32595927166227,206.61527124163763,196.38745487775964,197.5997772216797,35461500,MSFT
2020-09-11,199.36054653866395,200.73644985714606,193.6260524684399,196.31048583984375,33620100,MSFT
2020-09-14,196.51255926382413,201.28488881997822,196.31049818032105,197.63829040527344,30375800,MSFT
2020-09-15,200.53437267098897,201.84291730022335,199.1007419279075,200.88075256347656,21823900,MSFT
2020-09-16,202.65115108467566,202.68001485495665,196.8974095322985,197.29190063476562,26328100,MSFT
2020-09-17,192.48110253390035,196.59916737426764,192.39451121134627,195.23289489746094,34011300,MSFT
2020-09-18,195.1270021906011,195.9448333687329,188.82482053085724,192.8081817626953,55225300,MSFT
2020-09-21,189.7292884517917,195.0404425158831,188.94993727507398,194.87686157226562,39839700,MSFT
2020-09-22,197.3014650915621,200.22645361660375,194.43421877336175,199.57217407226562,33517100,MSFT
2020-09-23,200.03407928391616,200.22652401144683,192.4618461263752,193.0006561279297,30803800,MSFT
2020-09-24,192.28863155277108,197.79221510852776,191.6632156551125,195.50225830078125,31202500,MSFT
2020-09-25,195.84862960494374,201.13090446530555,194.87683385196127,199.9570770263672,29437300,MSFT
2020-09-28,202.9013124718636,204.52737329082336,200.1880007589669,201.5157928466797,32004900,MSFT
2020-09-29,201.42919413090266,202.12195391801143,198.98528747041638,199.4182586669922,24221900,MSFT
2020-09-30,199.87049690604192,203.95969745156557,198.72551840426004,202.37213134765625,33829100,MSFT
2020-10-01,205.41259853892865,205.8936810094275,203.32470237874026,204.42156982421875,27158400,MSFT
2020-10-02,200.1302639824499,203.00714181252636,197.76333228511893,198.3887481689453,33154800,MSFT
2020-10-05,199.37978288346707,202.44909081908426,199.148858055574,202.42022705078125,21331600,MSFT
2020-10-06,200.91928824262598,202.22781845655365,197.07062851280088,198.119384765625,28554300,MSFT
2020-10-07,199.2258515006656,202.16045722958788,198.89871897520425,201.89105224609375,25681100,MSFT
2020-10-08,202.54531231348605,203.19959202978103,200.4381836761741,202.6126708984375,19925800,MSFT
2020-10-09,203.2380291393644,207.69285604047465,203.2380291393644,207.64474487304688,26458000,MSFT
2020-10-12,210.51203414893342,215.3902168251195,208.60695191939405,213.02328491210938,40461400,MSFT
2020-10-13,214.29335232049814,216.68914803485708,212.08998663603225,214.4280548095703,28950800,MSFT
2020-10-14,214.5627398694277,215.73658204233402,210.8391669742481,212.5037078857422,23421700,MSFT
2020-10-15,208.88598158273,212.0226335098149,207.83721080471156,211.34912109375,22733100,MSFT
2020-10-16,211.82057244426065,213.87960450564168,211.02198858901411,211.34912109375,26057900,MSFT
2020-10-19,212.08034757630915,213.88922196295366,205.63384683523614,206.11492919921875,27625800,MSFT
2020-10-20,207.63513892754474,209.14572982657478,205.0276662094214,206.5286407470703,22753500,MSFT
2020-10-21,205.05655963502218,208.71278884977784,205.05655963502218,206.67300415039062,22724900,MSFT
2020-10-22,205.8359282810203,207.8853441988775,203.69030468285396,206.75961303710938,22351500,MSFT
2020-10-23,206.8943246926198,208.0970308607541,205.09508096316182,208.04891967773438,18879600,MSFT
2020-10-26,205.7589262972912,208.15470699634687,200.22647929031413,202.13156127929688,37111600,MSFT
2020-10-27,203.5844284165956,206.54789749901863,202.37210616165964,205.18162536621094,36700300,MSFT
2020-10-28,199.81277408368302,200.938505204553,194.45352346476508,195.01156616210938,51195600,MSFT
2020-10-29,196.348979241108,199.51449499676707,195.6754521309309,196.97438049316406,31432600,MSFT
2020-10-30,195.80053785215156,196.56064158838936,192.06733371002053,194.80950927734375,36953700,MSFT
2020-11-02,196.5606240570228,197.51317241451213,192.54839893909204,194.67478942871094,30842200,MSFT
2020-11-03,196.17578252504643,200.24573556056401,195.43491151052956,198.6196746826172,27512000,MSFT
2020-11-04,205.92249417257187,210.05980533830936,204.38302477274965,208.20281982421875,42311800,MSFT
2020-11-05,213.63903004077255,215.64033425220313,212.78270409909254,214.84173583984375,36080100,MSFT
2020-11-06,213.8507565260113,215.8713086048617,209.78080327849514,215.25552368164062,25231900,MSFT
2020-11-09,215.9482509504058,219.4890100539561,209.63645277001197,210.1271514892578,44395000,MSFT
2020-11-10,206.38431175020796,208.30864099729615,201.78516602418455,203.02635192871094,44045100,MSFT
2020-11-11,204.35415712865384,209.79038173346626,204.17134348922855,208.3567657470703,29440800,MSFT
2020-11-12,208.99185442496946,210.81996195016958,206.34590082290654,207.288818359375,21593900,MSFT
2020-11-13,208.17397949050766,209.1938718430691,206.05721983858226,208.31829833984375,18621100,MSFT
2020-11-16,206.74033793525987,209.50176078856936,206.40358907707915,209.01104736328125,24953300,MSFT
2020-11-17,207.9238360433956,209.44404363119713,205.9802588786965,206.34588623046875,24154100,MSFT
2020-11-18,206.1047029137225,207.5710265175272,203.48076161003306,203.62547302246094,28372800,MSFT
2020-11-19,203.9148567100995,205.50657901685545,202.51605349033142,204.91812133789062,24792700,MSFT
2020-11-20,204.7059143171039,205.75741620286792,202.58361274659725,202.9598388671875,22843100,MSFT
2020-11-23,203.50007401809364,204.7927469637663,200.80861230464637,202.6897430419922,25683500,MSFT
2020-11-24,202.18807747793556,206.68350759361277,201.48386241377628,206.30728149414062,33979700,MSFT
2020-11-25,207.5131075970946,207.6867435944453,204.95670172562188,206.31689453125,21012900,MSFT
2020-11-27,207.2622906915674,208.63213972537022,206.48088456054123,207.6288604736328,14512200,MSFT
2020-11-30,206.53881177353418,207.17549190767758,203.39393309923483,206.50987243652344,33064800,MSFT
2020-12-01,206.93430563642607,209.6450793350196,205.81528367505194,208.57427978515625,30904500,MSFT
2020-12-02,207.29126088912773,207.86042080174042,205.2847168067867,207.76394653320312,23724500,MSFT
2020-12-03,207.03078693135419,208.73828134614044,206.10468402437849,206.67385864257812,25120900,MSFT
2020-12-04,206.654587176166,207.77362403803716,205.65130767245108,206.78964233398438,24666000,MSFT
2020-12-07,206.7992528831903,207.92793111579616,205.4679993041687,206.72207641601562,24620000,MSFT
2020-12-08,206.41341424547676,209.2881681317648,205.37155387221154,208.38136291503906,23284100,MSFT
2020-12-09,207.5613450929847,207.62886529655023,203.75084748313216,204.32000732421875,32440600,MSFT
2020-12-10,204.29110568261373,205.5548391872999,202.9308979037148,203.0852508544922,26733300,MSFT
2020-12-11,202.63182794485593,205.78634798051132,201.72502284984319,205.72845458984375,30979400,MSFT
2020-12-14,205.57412580594706,208.57429304394526,205.36189419014732,206.63526916503906,28798400,MSFT
2020-12-15,207.57101370945622,207.812184662047,204.74449721064735,206.5677490234375,27000600,MSFT
2020-12-16,207.1658268638192,212.33653214174262,207.13688753009188,211.5358428955078,35023300,MSFT
2020-12-17,212.10498787407607,213.08896931150014,210.22385771422432,211.67088317871094,32515800,MSFT
2020-12-18,210.8702392578125,211.93139738087152,208.3910094174399,210.8702392578125,63354900,MSFT
2020-12-21,209.8669732897354,216.08918114203118,209.60650453017766,214.72897338867188,37181900,MSFT
2020-12-22,214.8254561818475,217.66162915201497,214.0151252532019,216.03131103515625,22612200,MSFT
2020-12-23,215.23058669970848,215.66469143243353,213.00216964780174,213.2144012451172,18699600,MSFT
2020-12-24,213.60028482209808,215.71294469525253,213.38805320891043,214.88331604003906,10550600,MSFT
2020-12-28,216.52327588928569,218.0474780591343,215.14378512132973,217.01527404785156,17933500,MSFT
2020-12-29,218.31762284687525,219.15689317484026,215.6840397791889,216.23390197753906,17403200,MSFT
2020-12-30,217.27568877326047,217.66157105526693,213.6484836418235,213.85105895996094,20272300,MSFT
2020-12-31,213.87039840086666,215.12449030176415,211.9217329770077,214.56497192382812,20942100,MSFT
2021-01-04,214.67104892063756,215.12445140837312,207.2236900530334,210.00198364257812,37130100,MSFT
2021-01-05,209.5872232410857,210.80273440149716,208.08231868048907,210.20462036132812,23823000,MSFT
2021-01-06,204.67691290286865,208.84435302385506,204.45503980158287,204.75408935546875,35930700,MSFT
2021-01-07,206.48090458530808,211.59373143430213,206.1625718994566,210.580810546875,27694500,MSFT
2021-01-08,210.95701033510758,212.789918074409,209.36528822457328,211.8638153076172,22956200,MSFT
2021-01-11,210.7544373653858,211.17890052490347,209.0758825218125,209.80905151367188,23031300,MSFT
2021-01-12,208.85403813753175,209.43285429285,205.7863507861013,207.3394775390625,23249300,MSFT
2021-01-13,206.46163298922275,209.1048572059806,206.3748002592561,208.69969177246094,20087100,MSFT
2021-01-14,208.28486838376134,209.78013111431568,205.22682271567444,205.49693298339844,29480800,MSFT
2021-01-15,205.97929960679494,206.93432719678094,204.54191537229212,205.1400146484375,31746500,MSFT
2021-01-19,206.20115613666417,209.31708059671112,205.1207150230666,208.79615783691406,30480900,MSFT
2021-01-20,210.01164538751647,217.81593324197758,209.61612152485435,216.41714477539062,37777300,MSFT
2021-01-21,216.76441837168656,218.30791813639553,214.56494077491436,217.02488708496094,30709400,MSFT
2021-01-22,219.06037315431172,221.9447826742362,217.82557921398734,217.97027587890625,30172700,MSFT
2021-01-25,221.02831954312117,221.66501430323464,216.30137540994957,221.42384338378906,33152100,MSFT
2021-01-26,223.67158218627512,225.90964090519284,221.95444623265263,224.12498474121094,49169600,MSFT
2021-01-27,229.5947281242748,231.94855878459933,222.01231340498785,224.67483520507812,69870600,MSFT
2021-01-28,227.28913991464296,234.07086552904022,226.787500240888,230.49188232421875,49111200,MSFT
2021-01-29,227.6557255174755,229.6140323700672,223.17959346585073,223.76805114746094,42503100,MSFT
2021-02-01,226.75856737700522,233.93581706822144,224.22144432069945,231.18646240234375,33314200,MSFT
2021-02-02,232.77821444261426,233.7525398256425,230.26038902161145,231.05142211914062,25916300,MSFT
2021-02-03,231.10929364997725,236.43433736539887,230.81022932198388,234.41815185546875,27158100,MSFT
2021-02-04,234.09018810416885,234.64970650721565,231.88105383007826,233.463134765625,25296100,MSFT
2021-02-05,233.67531689544336,234.68823767399414,231.92924184055994,233.64637756347656,18054800,MSFT
2021-02-08,234.56286881199966,235.074150067436,232.30551216876293,233.90689086914062,22211900,MSFT
2021-02-09,233.32804184480403,236.11597714944006,232.85535625247002,235.16094970703125,23565000,MSFT
2021-02-10,236.3475102699276,237.23501752169543,232.3826596108889,234.2445068359375,22186700,MSFT
2021-02-11,236.1353121430884,236.49224045800057,233.5981889016559,235.85556030273438,15751100,MSFT
2021-02-12,235.31532862001077,236.63695552738434,234.1577109235517,236.33790588378906,16561100,MSFT
2021-02-16,236.37649141782472,237.43764958042757,234.34100782949233,235.0934600830078,26728500,MSFT
2021-02-17,233.33368412074378,236.22472264095413,232.96625524373655,236.1183624267578,21653500,MSFT
2021-02-18,233.7977910115024,235.85729003006736,232.8888973325426,235.721923828125,16925600,MSFT
2021-02-19,235.68323559527133,235.7895957994359,232.23137558595567,232.9952392578125,25262600,MSFT
2021-02-22,229.56276857529465,230.05588521184748,224.70889742739791,226.7490692138672,36446900,MSFT
2021-02-23,222.70737444670027,227.05844976056775,221.16031954469048,225.55007934570312,30228700,MSFT
2021-02-24,222.39791498954574,227.41615658480433,221.42134580631168,226.7876739501953,26339700,MSFT
2021-02-25,224.39946279317778,226.8263906391963,220.33846205428335,221.41172790527344,39542200,MSFT
2021-02-26,223.86765375241166,227.58056773813183,221.9435062853108,224.6895294189453,37819200,MSFT
2021-03-01,228.09301226554177,229.61106105369544,225.43402201560778,229.09860229492188,25324000,MSFT
2021-03-02,229.1662861777647,229.44669705806473,225.72410467397455,226.1302032470703,22812500,MSFT
2021-03-03,224.47680916743502,225.84981335833936,219.73896284284643,220.02903747558594,34029500,MSFT
2021-03-04,219.23621048215847,224.79591842840537,216.8382736495553,219.22653198242188,44727800,MSFT
2021-03-05,221.92413767630026,225.55003302657312,218.96540943108656,223.935302734375,41872800,MSFT
2021-03-08,223.71293453599736,225.64674565461442,219.61326440696627,219.86465454101562,35267400,MSFT
2021-03-09,225.17298846393138,227.5902525456764,224.0030261566908,226.04319763183594,33080500,MSFT
2021-03-10,229.15662455782697,229.15662455782697,224.3607663454474,224.7281951904297,29746800,MSFT
2021-03-11,227.18416507754895,231.2548297284497,226.5556675332269,229.2823486328125,29907600,MSFT
2021-03-12,226.2655769704919,228.01568852154853,225.51139177337745,227.947998046875,22653700,MSFT
2021-03-15,227.18415297293328,227.40653713643047,224.13839139075358,227.0391082763672,26034900,MSFT
2021-03-16,228.46044178352972,232.11534357598322,228.131697438005,229.84312438964844,28092200,MSFT
2021-03-17,228.33475184620352,230.65533414161612,225.5113892608555,229.19529724121094,29562100,MSFT
2021-03-18,224.86356013012343,226.43962095239084,222.70736481006173,223.08445739746094,34833000,MSFT
2021-03-19,223.37455538489735,224.77656567678991,221.75982466209032,222.7267303466797,46430700,MSFT
2021-03-22,222.6493972659119,229.05997253094483,222.52369479375847,228.1800994873047,30127000,MSFT
2021-03-23,229.6303892737012,233.07257044463407,229.224290739875,229.7174072265625,31638400,MSFT
2021-03-24,229.97849095447495,230.12352088544264,227.53222109343432,227.66758728027344,25620100,MSFT
2021-03-25,227.51289551782554,229.09862014573517,223.9063416834218,224.65084838867188,34061900,MSFT
2021-03-26,223.88701638085823,228.8762533024649,223.88701638085823,228.6538543701172,25479900,MSFT
2021-03-29,228.7601934748005,228.96325014346309,224.2060763388015,227.4548797607422,25227500,MSFT
2021-03-30,225.801457268997,226.1108741341666,223.45188380857425,224.17706298828125,24792000,MSFT
2021-03-31,225.20199547913245,231.18714373342434,224.69920041677108,227.96734619140625,43623500,MSFT
2021-04-01,230.57800622039574,234.80337945877386,230.17190759199005,234.32960510253906,30338000,MSFT
2021-04-05,234.72600724804468,241.6877396410895,234.66799527040416,240.8271942138672,36910600,MSFT
2021-04-06,239.4155001585095,241.14625471940562,238.70966318992367,239.6572265625,22931900,MSFT
2021-04-07,239.6088857071637,242.62562660061505,239.00940892803152,241.6297149658203,22719800,MSFT
2021-04-08,244.4047705965808,245.72942675306734,243.66024903789796,244.86888122558594,23625200,MSFT
2021-04-09,244.50143816737415,247.51819396582258,244.08567580070337,247.38282775878906,24326800,MSFT
2021-04-12,246.28051222175563,249.1425590611245,246.19347951180376,247.4407958984375,27148700,MSFT
2021-04-13,248.74616496060787,250.61228584329,248.33037309194663,249.93544006347656,23837500,MSFT
2021-04-14,248.958889884103,250.26418897104256,246.7156615816498,247.1314239501953,23070900,MSFT
2021-04-15,249.39395369349947,251.3277648885937,249.20059027856033,250.91200256347656,25627500,MSFT
2021-04-16,250.88301758388405,252.36238209170304,249.07490868628523,252.11097717285156,24878600,MSFT
2021-04-19,251.57914882611817,252.82646520516678,249.28758747207132,250.1771240234375,23209300,MSFT
2021-04-20,249.28760239933078,251.58884238878173,248.3400243131991,249.71304321289062,19722900,MSFT
2021-04-21,250.37055834434713,252.05296477976358,248.73648538972924,251.95626831054688,24030400,MSFT
2021-04-22,251.59852122072658,253.11657023517938,247.17976989137549,248.65914916992188,25606200,MSFT
2021-04-23,249.3455845078883,252.85545604555438,248.7557568338929,252.50735473632812,21462600,MSFT
2021-04-26,253.0005552714497,253.75474055583118,251.5598751851928,252.89418029785156,19763300,MSFT
2021-04-27,252.9231703377434,254.47990379909567,251.5114963319327,253.30027770996094,31014200,MSFT
2021-04-28,247.60516865114695,248.04996646470292,244.5787642096817,246.13548278808594,46903100,MSFT
2021-04-29,247.0056881116654,247.62450704800176,240.75947202449527,244.15330505371094,40589000,MSFT
2021-04-30,241.47502164719492,244.70448296798347,241.339655446737,243.83425903320312,30945100,MSFT
2021-05-03,245.0139001224866,245.9324723466982,242.80935629199922,243.52487182617188,19626600,MSFT
2021-05-04,242.6642752276463,242.89633785969806,237.62669106618333,239.58950805664062,32756100,MSFT
2021-05-05,240.8175144691284,241.24295530803658,237.6847496622755,238.313232421875,21901300,MSFT
2021-05-06,238.2938828346981,241.5910344808198,236.5921342853169,241.46533203125,26491100,MSFT
2021-05-07,243.80524259654717,245.88409850126487,242.85767923394673,244.10499572753906,27032900,MSFT
2021-05-10,242.5675939726172,243.39913334730613,238.94169810981222,238.9997100830078,29299900,MSFT
2021-05-11,236.45675201993078,238.43891132150725,234.54228318777075,238.08114624023438,33641600,MSFT
2021-05-12,234.15554329136458,236.29241130423097,230.191238914293,231.0904541015625,36684400,MSFT
2021-05-13,233.79778600308975,237.4720303748559,233.4303571397704,234.98707580566406,29624300,MSFT
2021-05-14,237.45266721502668,240.9335183497134,237.36564925626627,239.93760681152344,23901100,MSFT
2021-05-17,238.3906040735072,238.42927380995854,235.46088097313097,237.06593322753906,24970200,MSFT
2021-05-18,238.11984688230368,238.2552130765147,234.86136496896637,235.03541564941406,20168000,MSFT
2021-05-19,231.92452810356752,235.72354918406748,231.23644806154488,235.616943359375,25739800,MSFT
2021-05-20,236.43098164099266,240.29783391960277,236.33406189770037,238.87319946289062,21800700,MSFT
2021-05-21,239.92956310394896,240.66610284863518,237.18690008815358,237.60362243652344,21863100,MSFT
2021-05-24,240.14279819726076,243.40880466874205,239.8714406276493,243.04052734375,21411500,MSFT
2021-05-25,243.99995218179816,244.94970356838164,243.07927376097604,243.9514923095703,17704300,MSFT
2021-05-26,243.67040068990008,245.13380877705683,243.0113938386869,243.7285614013672,17771600,MSFT
2021-05-27,243.4184577609893,243.71888825894953,241.55771405514977,241.61585998535156,24426200,MSFT
2021-05-28,243.25372651076563,244.3003977061541,241.85816491691435,241.97445678710938,18270200,MSFT
2021-06-01,243.4765713676442,243.53471729012662,239.33836214698314,239.7647705078125,23213300,MSFT
2021-06-02,240.47229428901912,241.57711137410448,238.25295927147903,239.66790771484375,19406700,MSFT
2021-06-03,237.65208531272862,238.7375154318653,235.50059719238536,238.12696838378906,25307700,MSFT
2021-06-04,240.11371338493953,243.8836609923926,239.87142879631688,243.05020141601562,25281100,MSFT
2021-06-07,242.26520330822757,246.24836256289456,242.10045156142598,245.9770050048828,23079200,MSFT
2021-06-08,247.28531779785183,248.1090912201015,244.7170925794638,244.77525329589844,22455000,MSFT
2021-06-09,245.97699029619437,247.64390936023426,245.39551618717297,245.76377868652344,17937600,MSFT
2021-06-10,246.44216202928786,249.51432854393602,245.84130103923167,249.30111694335938,24563600,MSFT
2021-06-11,250.0279356842362,250.5125047472783,248.69052033812017,249.93104553222656,18999700,MSFT
2021-06-14,249.9407641590007,251.9275154393582,248.87470610316913,251.86936950683594,19150500,MSFT
2021-06-15,251.7530394221837,251.96625102602945,249.72754397352543,250.3865509033203,18038900,MSFT
2021-06-16,251.39441588240197,252.53799173611583,246.56811231077916,249.436767578125,27220000,MSFT
2021-06-17,248.16726507734677,253.67196382257416,248.10911914224442,252.8481903076172,27565500,MSFT
2021-06-18,251.61742350699052,254.20500663693133,250.7645769286962,251.423583984375,37202200,MSFT
2021-06-21,251.80153438075388,255.3873285471839,249.96017742223518,254.52481079101562,26696100,MSFT
2021-06-22,254.6120138466005,257.58727550810795,254.3018824942618,257.31591796875,24694100,MSFT
2021-06-23,257.78106316534377,258.59513571313266,256.26920992291423,257.0832824707031,19518700,MSFT
2021-06-24,257.94583058586295,259.58367653357374,257.2771228521467,258.45947265625,21446900,MSFT
2021-06-25,258.01374328624,259.00225386982646,256.5891085646179,256.841064453125,25611100,MSFT
2021-06-28,257.974900379408,260.6012566258516,257.7035428658539,260.42681884765625,19590000,MSFT
2021-06-29,260.57225082167884,263.26645453484207,259.7097329789105,263.024169921875,19937800,MSFT
2021-06-30,262.33610101410613,262.98540724193595,261.2797436059164,262.53961181640625,21656500,MSFT
2021-07-01,261.28932100585706,263.4505097158875,261.27964973591907,263.2179260253906,16725300,MSFT
2021-07-02,264.4002529358793,269.4203809943576,264.0901216581383,269.0811767578125,26458000,MSFT
2021-07-06,269.4495799361226,270.74822199613703,265.8346826306665,269.09100341796875,31565600,MSFT
2021-07-07,270.7771904881955,272.0273869704085,268.5966296724921,271.29083251953125,23260000,MSFT
2021-07-08,268.35436660059395,270.1279061016344,266.3870172014392,268.85833740234375,24618600,MSFT
2021-07-09,267.21081645275507,269.46889570541214,266.82316704327263,269.3623046875,23916700,MSFT
2021-07-12,270.54462431878187,271.13578442629563,268.0442311924346,268.76141357421875,18931700,MSFT
2021-07-13,268.9551718114136,274.1206940040729,268.82920871283847,272.30841064453125,26120100,MSFT
2021-07-14,273.6361330940811,274.90570156777494,271.8916668665294,273.79119873046875,23113700,MSFT
2021-07-15,273.2969376761836,273.7912075596242,271.1938950360559,272.35687255859375,22604200,MSFT
2021-07-16,273.3648715740466,275.33222131414186,270.8354050077777,272.0856018066406,26186800,MSFT
2021-07-19,270.3216967005375,271.7172580006316,265.97997672313284,268.4609680175781,32935600,MSFT
2021-07-20,269.4495407659648,272.298809949743,267.73417649236615,270.6997375488281,26259700,MSFT
2021-07-21,270.2926996026849,272.831837532653,268.7324009418103,272.7155456542969,24364300,MSFT
2021-07-22,275.0801988860873,277.58059214764467,274.6731773812075,277.3092346191406,23384100,MSFT
2021-07-23,278.50124995779606,281.04038740226895,277.65810442516977,280.73028564453125,22768100,MSFT
2021-07-26,280.08097996218163,280.749687782131,277.79382767857606,280.1294250488281,23176100,MSFT
2021-07-27,280.4977553991509,280.64312026233756,274.21775670340134,277.69696044921875,33604100,MSFT
2021-07-28,280.0712207421704,281.1954245301593,275.07046440625373,277.38671875,33566900,MSFT
2021-07-29,277.4060956704679,279.7126492085569,277.251030016775,277.6580810546875,18168300,MSFT
2021-07-30,276.3692034593632,277.81321017411824,275.1480796424123,276.1172180175781,20944800,MSFT
2021-08-02,277.52245058070406,277.91980086313254,274.98331277295944,276.0299987792969,16267400,MSFT
2021-08-03,276.6115155470413,278.365653814384,275.23532590418637,278.259033203125,17879000,MSFT
2021-08-04,277.38678826831455,278.71450311661016,275.8652339137432,277.6678466796875,16191300,MSFT
2021-08-05,278.02639026152593,280.69152049091053,277.27046359767604,280.58489990234375,13900200,MSFT
2021-08-06,279.6061611117086,280.5655987728024,278.74361364105084,280.5268249511719,16589300,MSFT
2021-08-09,280.807860729634,282.5522980772889,278.9277298051075,279.4316711425781,16117600,MSFT
2021-08-10,279.8871893038026,280.3233134627436,276.3983143353152,277.60003662109375,18616600,MSFT
2021-08-11,278.3462552102789,279.75151783986774,277.03791234406856,278.09429931640625,13955900,MSFT
2021-08-12,277.784114118174,281.0210324731041,277.50305573152406,280.865966796875,14561300,MSFT
2021-08-13,280.5462030508814,283.8606399153616,280.3717356561,283.81219482421875,18249000,MSFT
2021-08-16,284.14165964558504,285.72135980171606,281.06947823095703,285.5081481933594,22507600,MSFT
2021-08-17,283.3663255302338,284.3742079389231,282.09672730974523,284.0350036621094,20075300,MSFT
2021-08-18,283.56902704774615,286.2683885255345,281.85034912127685,282.2970275878906,21813000,MSFT
2021-08-19,280.3161283728074,288.8414504972894,280.26759054859315,288.1617431640625,29850500,MSFT
2021-08-20,291.0261909838644,296.9686668297904,289.41433811840545,295.5315856933594,40817600,MSFT
2021-08-23,294.45381675588874,296.54144712298415,293.09443160748054,295.8132019042969,22830200,MSFT
2021-08-24,296.1724501915496,296.7841808862447,293.2400602566373,293.8420715332031,18175800,MSFT
2021-08-25,295.4733403838141,295.75493682464673,291.70591011010885,293.2497863769531,20006100,MSFT
2021-08-26,292.2593717706494,293.657605009389,290.27856604274746,290.41448974609375,17666100,MSFT
2021-08-27,290.3174090188955,292.1428819923992,288.2200589833195,291.0262451171875,22605700,MSFT
2021-08-30,292.3856105033149,295.39569682052434,292.3273532534391,294.7839660644531,16348100,MSFT
2021-08-31,295.58989782397674,295.6675642771677,292.7545833483286,293.1235656738281,26285300,MSFT
2021-09-01,294.0848233182499,296.3375355546533,292.7448474253484,293.0749816894531,18983800,MSFT
2021-09-02,293.43423375805304,294.56056008861674,291.47280801554655,292.4146728515625,16285600,MSFT
2021-09-03,292.2593565497962,293.8226716672976,291.55055018077155,292.405029296875,14747900,MSFT
2021-09-07,292.27881120532527,292.3564776599139,289.5503213901356,291.4728698730469,17180400,MSFT
2021-09-08,291.08443302777687,291.89034460223945,288.8414403919211,291.501953125,15046800,MSFT
2021-09-09,292.09423051666096,293.37594886735724,288.3850287589032,288.6277770996094,19927000,MSFT
2021-09-10,289.7638905014579,291.2203807373497,286.8120619929871,287.1324768066406,19633400,MSFT
2021-09-13,288.91912023075906,289.88042399953457,285.54977141202284,288.3753662109375,23652900,MSFT
2021-09-14,290.870838052277,292.6477729197862,289.45319570500504,291.09417724609375,21853400,MSFT
2021-09-15,294.4635238634247,296.4637682765353,293.0652907314132,295.978271484375,28356300,MSFT
2021-09-16,294.9489959662169,296.45402404298306,292.0360154570927,296.36663818359375,19550800,MSFT
2021-09-17,295.34716567397015,295.66758055553856,290.84174069910716,291.171875,41372500,MSFT
2021-09-20,287.7345129883881,290.05520185574835,281.1220491144486,285.7633972167969,38278700,MSFT
2021-09-21,287.1130998945458,288.90944398064477,285.5400950040545,286.2489013671875,22364100,MSFT
2021-09-22,288.1229360686381,291.51169418527275,285.96732913269386,289.91925048828125,26626300,MSFT
2021-09-23,290.18148287396775,292.1720081725724,288.899764035342,290.8708801269531,18604600,MSFT
2021-09-24,289.57945349834876,291.1038910429422,288.31714394519224,290.6669616699219,14999000,MSFT
2021-09-27,287.55006565328637,287.87048051053665,284.44287420766045,285.63720703125,23571700,MSFT
2021-09-28,281.3939510654787,282.3455355207805,274.5484576093365,275.2961120605469,43186200,MSFT
2021-09-29,276.8303060131279,278.45184887583616,274.80093276374777,275.76220703125,26353700,MSFT
2021-09-30,277.42262938302645,279.48113149103483,273.451268310052,273.7425842285156,32343600,MSFT
2021-10-01,273.93668794090405,281.5687124397736,273.13077635513565,280.7142333984375,30086300,MSFT
2021-10-04,279.0635505147171,279.40340419607827,272.1209523056505,274.8979797363281,31350700,MSFT
2021-10-05,275.810753529912,281.9765695608801,275.810753529912,280.3841552734375,24993000,MSFT
2021-10-06,277.4905403494736,285.11284577573076,277.22838275407764,284.60791015625,28002600,MSFT
2021-10-07,286.61796132321035,288.0356336982804,285.3945292060431,286.29754638671875,20430500,MSFT
2021-10-08,287.6278032376373,288.0356336982804,285.23916663210196,286.29754638671875,17685700,MSFT
2021-10-11,284.42343542741787,289.32694085927545,284.2583534904783,285.6954345703125,19298600,MSFT
2021-10-12,286.77331056676746,286.87041587501443,283.8700485341742,284.3846740722656,17974100,MSFT
2021-10-13,286.3557332608353,288.6569834089462,284.9769092762647,287.7151184082031,23416300,MSFT
2021-10-14,290.53099699177517,294.47322877603534,289.1910210354,293.96832275390625,27262900,MSFT
2021-10-15,293.57020251326225,295.6190144253903,291.8029870432012,295.3859558105469,25384800,MSFT
2021-10-18,294.7645202263626,299.2699149069707,293.9100411578753,298.3766174316406,22729300,MSFT
2021-10-19,299.40588216647706,300.32830830606736,298.30865465847006,299.28936767578125,17682100,MSFT
2021-10-20,300.2409407945405,300.7167478371361,297.2308545272487,298.4931640625,16537100,MSFT
2021-10-21,298.26010831483455,301.99840985819577,297.47357626035097,301.7459716796875,16918100,MSFT
2021-10-22,301.39643602561927,302.06642404358996,298.87184650031855,300.1924133300781,17449300,MSFT
2021-10-25,300.38650261882316,300.4253506517072,297.5706276982483,299.19219970703125,17554500,MSFT
2021-10-26,301.9789444348004,303.3383292549789,299.6485662241563,301.11474609375,28107300,MSFT
2021-10-27,306.83407275132714,316.6411170790327,306.83407275132714,313.7961120605469,52588700,MSFT
2021-10-28,314.92233362468943,315.44667845305815,312.03848151721985,314.9417724609375,26297900,MSFT
2021-10-29,314.72818243443317,322.3698978624627,314.5048432230782,322.00091552734375,34766000,MSFT
2021-11-01,321.74846062208786,321.874694545215,316.90321150510107,319.8161926269531,27073200,MSFT
2021-11-02,320.72886273334404,323.7777965670248,320.427857116945,323.4670715332031,26487100,MSFT
2021-11-03,324.2147538453636,325.18574743557576,321.05902467717414,324.3118591308594,21500100,MSFT
2021-11-04,323.2341060543829,326.77822712235803,319.95214261697197,326.6811218261719,23992200,MSFT
2021-11-05,328.6910494183782,328.96292643810557,324.7196891937592,326.3121032714844,22570100,MSFT
2021-11-08,327.51615459432156,327.85600830691146,324.73912690846595,327.21514892578125,20897000,MSFT
2021-11-09,327.331648801366,328.89496395648536,324.8264982710298,326.205322265625,21307400,MSFT
2021-11-10,324.86537721675717,324.923634469583,320.35026232849066,321.2047119140625,25500900,MSFT
2021-11-11,321.64167955559986,324.0885731369405,320.9231536632554,322.7874450683594,16849800,MSFT
2021-11-12,324.2342021332131,327.44818863991225,324.1079682216262,326.9529724121094,23831000,MSFT
2021-11-15,327.7492002091939,328.07933448956584,324.34100306430065,326.32183837890625,16723000,MSFT
2021-11-16,325.9431262382948,330.7884044776103,325.7780739195618,329.66204833984375,20886800,MSFT
2021-11-17,329.71074222462875,332.8722454538479,328.7963358387889,329.8858337402344,19053400,MSFT
2021-11-18,328.9714081488524,333.12515576385437,327.94027414614027,331.9772644042969,22463500,MSFT
2021-11-19,333.30997740895356,335.70298365826625,332.8819561693576,333.76715087890625,21963400,MSFT
2021-11-22,335.235930732089,340.14843613670024,330.3039806182396,330.57635498046875,31031100,MSFT
2021-11-23,327.87207454520785,330.2067459948362,324.47711718063465,328.48492431640625,30427600,MSFT
2021-11-24,327.1230898888703,328.95190221343387,324.8176297706052,328.7087097167969,21661300,MSFT
2021-11-26,325.24563802553985,328.72814137700954,319.1852705628066,320.7027893066406,24217200,MSFT
2021-11-29,325.8196694692493,329.79829622397705,325.62510354487557,327.4636535644531,28563500,MSFT
2021-11-30,326.1892252243376,328.5822309778373,320.0315748453176,321.5880126953125,42885600,MSFT
2021-12-01,326.00442541649005,330.04141511002234,320.4207349352154,321.0919189453125,33337600,MSFT
2021-12-02,321.30597735654595,324.4091165938633,318.8740519158013,320.5180358886719,30766000,MSFT
2021-12-03,322.9499339831109,323.64062212414194,309.3700717841347,314.2144775390625,41779300,MSFT
2021-12-06,315.12892655696055,318.53362234763233,310.53744990321945,317.30792236328125,30032600,MSFT
2021-12-07,322.6094861976196,326.65618363904804,321.1114119500236,325.8001708984375,31021900,MSFT
2021-12-08,326.17949310701954,326.36432177445636,321.7922910850989,325.8487548828125,24761000,MSFT
2021-12-09,325.3040505688048,327.32739930142947,323.0763987421778,324.02972412109375,22214200,MSFT
2021-12-10,325.8584777629051,333.66008181675716,325.67364910359026,333.2126159667969,38095700,MSFT
2021-12-13,331.4033171728672,334.4286476814138,329.8468790444135,330.1581726074219,28899400,MSFT
2021-12-14,324.14644522036787,325.5277917874379,315.2844944098965,319.3993225097656,44438700,MSFT
2021-12-15,319.6619664219999,326.0628102666552,315.6638955841935,325.5375061035156,35381100,MSFT
2021-12-16,326.56862022175784,327.5900465707224,314.22416609950005,316.052978515625,35034800,MSFT
2021-12-17,312.14249890128,316.07249872552893,308.6113384116797,314.98297119140625,47750300,MSFT
2021-12-20,311.3350249012845,314.0101423864705,308.922574314058,311.1988525390625,28326500,MSFT
2021-12-21,314.48681919977093,318.80592034156524,311.0918317389369,318.3778991699219,24740600,MSFT
2021-12-22,319.3604168478635,324.52582378306886,316.8798649294973,324.12701416015625,24831500,MSFT
2021-12-23,323.6892397112023,327.2301370037353,323.66979499703837,325.576416015625,19617800,MSFT
2021-12-27,326.3254390997636,333.15430398492487,326.29625718515126,333.1251220703125,19947000,MSFT
2021-12-28,333.8060207410828,334.44805250573944,331.0530946934616,331.957763671875,15661500,MSFT
2021-12-29,332.0064086237529,334.9247187951422,330.4305258810565,332.63873291015625,15042000,MSFT
2021-12-30,332.59982374413966,333.7866044367997,329.5939677400898,330.0803527832031,15994500,MSFT
2021-12-31,329.29238652517614,330.1192172867695,326.7048147287966,327.1620178222656,18000800,MSFT
2022-01-03,326.21843357688016,328.79626820388347,320.80009741690554,325.634765625,28865100,MSFT
2022-01-04,325.712585604074,326.0725354624278,317.2397667073394,320.05108642578125,32674300,MSFT
2022-01-05,316.9868563666347,317.1911594657353,307.3759125385984,307.7650146484375,40054300,MSFT
2022-01-06,304.6229360221158,310.02182762578025,303.00813417247446,305.33306884765625,39646100,MSFT
2022-01-07,305.5956989498197,307.8817144573573,301.6462550034294,305.48870849609375,32720000,MSFT
2022-01-10,301.0625932107802,306.15019125836943,296.39330884640736,305.7124328613281,44289500,MSFT
2022-01-11,304.84666874501306,307.9886968599788,301.45171092918275,306.4031066894531,29386800,MSFT
2022-01-12,310.96541745526014,314.60356797191446,308.4459168812307,309.603515625,34372200,MSFT
2022-01-13,311.7436573066087,312.14249663836586,295.72213143264617,296.5003356933594,45366000,MSFT
2022-01-14,295.96527201569677,302.35637803001896,295.47888701649265,301.7532653808594,39846400,MSFT
2022-01-18,295.790159839725,301.36411254109385,293.5235892775738,294.4088134765625,42333200,MSFT
2022-01-19,297.9497330886086,305.36223577548463,294.4574923336944,295.0703125,45933900,MSFT
2022-01-20,300.6540758605654,303.1638097727385,292.9400157349673,293.3874816894531,35380700,MSFT
2022-01-21,294.44776829500927,295.82908513910786,287.56053972855347,287.9691162109375,57984400,MSFT
2022-01-24,284.2433408227637,289.0196143054724,268.53308516894185,288.2997741699219,85731500,MSFT
2022-01-25,283.5819529147249,286.95746663545754,277.40488600513294,280.63446044921875,72848600,MSFT
2022-01-26,299.60349272546875,300.0996150409669,285.0508584412383,288.6306457519531,90428900,MSFT
2022-01-27,294.4186033404908,298.93224118758064,289.8173900598136,291.6753845214844,53481300,MSFT
2022-01-28,292.05477669895004,300.08012999341486,286.4321667298066,299.8661193847656,49743700,MSFT
2022-01-31,300.5372717037643,303.873865327371,298.02750874375795,302.5119934082031,46444500,MSFT
2022-02-01,301.9576039691338,302.1716146024577,296.82137845595116,300.3525390625,40950400,MSFT
2022-02-02,301.1988031851684,306.53930139921533,300.4692256286445,304.92449951171875,36636000,MSFT
2022-02-03,301.0625506115652,302.75519044558166,291.79205453623996,293.04693603515625,43730000,MSFT
2022-02-04,292.0352702032978,300.3913608497898,291.80181490555054,297.6092529296875,35096500,MSFT
2022-02-07,297.8330493495718,299.45755887264727,291.733761520673,292.75518798828125,28533300,MSFT
2022-02-08,293.0469791946189,297.2396157585428,291.7823899972102,296.266845703125,32421200,MSFT
2022-02-09,301.4322704184702,303.43617447800517,299.0198195356215,302.73577880859375,31284700,MSFT
2022-02-10,295.76101154707897,300.7026702927466,292.5119631728677,294.1462097167969,45386200,MSFT
2022-02-11,294.93411130749297,296.00416414551785,286.2083640297064,287.00604248046875,39175600,MSFT
2022-02-14,285.7706756345391,288.6792785633671,283.4165885013323,286.9671936035156,36359500,MSFT
2022-02-15,291.84074211252357,292.609209051119,288.932139576683,292.2882080078125,27058300,MSFT
2022-02-16,290.8455745770607,293.2825285212972,286.2738465978352,291.94708251953125,29982100,MSFT
2022-02-17,288.8862496034896,289.31515587085715,282.68665314458684,283.39825439453125,32461600,MSFT
2022-02-18,285.65969963957934,286.44927025529336,279.0896820107594,280.6688232421875,34264000,MSFT
2022-02-22,277.8127349051109,284.1878144144707,277.3253441421195,280.4641418457031,41736100,MSFT
2022-02-23,282.86211552379876,284.34380258389615,273.0363301552388,273.2020263671875,37811200,MSFT
2022-02-24,265.6376972494891,287.71649070941305,264.67264340429557,287.1608581542969,56989700,MSFT
2022-02-25,287.696996878739,290.1241930471081,284.2949895617122,289.812255859375,32546700,MSFT
2022-02-28,286.8879425112131,291.59615384176226,285.6109811188131,291.2549743652344,34627500,MSFT
2022-03-01,288.9252562718697,292.4052336749819,284.78243452949044,287.5118408203125,31217800,MSFT
2022-03-02,287.9114181165959,293.86734790006096,286.2933071815327,292.61962890625,31873000,MSFT
2022-03-03,295.25150177060027,295.4854397470362,286.6344094976872,288.457275390625,27314500,MSFT
2022-03-04,286.8684758512566,288.2039218391596,279.92803584979396,282.5501708984375,32356500,MSFT
2022-03-07,281.2537371143296,282.38448735317786,271.5059210014731,271.8763427734375,43157200,MSFT
2022-03-08,270.7942998058096,276.79895765959355,263.1910156960027,268.89349365234375,48159500,MSFT
2022-03-09,276.2920648815301,282.29672236396794,273.6991425767522,281.2244567871094,35204500,MSFT
2022-03-10,275.88265227991445,279.3723867449448,273.50418301542686,278.3878479003906,30628000,MSFT
2022-03-11,280.6980597805448,282.2089888863428,272.38317514959226,273.0070495605469,27209300,MSFT
2022-03-14,273.2702392726219,278.2026312310251,268.8642376481267,269.4685974121094,30660700,MSFT
2022-03-15,273.27997605054975,280.56159442132866,271.7008349155803,279.9084777832031,34245100,MSFT
2022-03-16,281.8190374929418,287.14136537848043,276.05810557225556,286.9659118652344,37826300,MSFT
2022-03-17,285.8936424341939,288.1551126523713,282.072486293192,287.77496337890625,30816600,MSFT
2022-03-18,287.92118502466127,293.409209212463,285.34777752908354,292.85357666015625,43390600,MSFT
2022-03-21,291.3524813032419,292.5709582806592,287.4630825627041,291.61566162109375,28351200,MSFT
2022-03-22,292.2394505433956,297.3083257004259,291.23542689570303,296.39202880859375,27599700,MSFT
2022-03-23,292.93158249273176,295.5829892215264,290.2119339230564,291.9372863769531,25715400,MSFT
2022-03-24,291.5961828889944,296.5285754184512,290.7968548353262,296.43109130859375,24484500,MSFT
2022-03-25,297.5325354540523,297.7957157210351,291.742331596693,296.0216064453125,22566500,MSFT
2022-03-28,296.65521098671854,302.962047847687,296.65521098671854,302.8645935058594,29578200,MSFT
2022-03-29,305.99366879267336,307.8555050551628,301.25621516316215,307.4558410644531,30393400,MSFT
2022-03-30,305.84749192502306,307.98226606183584,303.7224453758296,305.9449462890625,28163600,MSFT
2022-03-31,305.9839376726165,307.19268708279805,300.1255204970668,300.534912109375,33422100,MSFT
2022-04-01,301.5681864293625,302.3090299833773,297.83478589642,301.616943359375,27110500,MSFT
2022-04-04,302.2699782371281,307.16337043885454,301.899556524031,307.02691650390625,24289600,MSFT
2022-04-05,305.3697510832116,306.92940723508406,302.05550035296193,303.0400390625,23156700,MSFT
2022-04-06,297.49359207645136,299.2579443522407,289.2274335883309,291.94708251953125,40110400,MSFT
2022-04-07,289.1786849009009,295.99239810286326,288.87650501412816,293.7698974609375,31411200,MSFT
2022-04-08,292.8633584995333,293.52620278513484,288.80826385848826,289.4808654785156,24361900,MSFT
2022-04-11,284.4314837001225,285.2307818696367,277.81270941652224,278.066162109375,34569300,MSFT
2022-04-12,281.9457616678411,283.4079337629206,273.4164244465442,274.94683837890625,30966700,MSFT
2022-04-13,275.5999723230315,281.30242005382,274.20601222966815,280.36663818359375,21907200,MSFT
2022-04-14,280.82477532638273,281.0392284284024,272.27595299417413,272.7730712890625,28221600,MSFT
2022-04-18,271.87632521472943,275.33678781211535,271.32069259266757,273.4457092285156,20778000,MSFT
2022-04-19,272.3345033568087,278.95327911939563,271.3889639621534,278.1051940917969,22297700,MSFT
2022-04-20,282.1017411061781,282.3941933852175,278.17337311629467,279.1383972167969,22906700,MSFT
2022-04-21,281.3024038192042,285.9033732252405,272.9972769858195,273.7283630371094,29454600,MSFT
2022-04-22,274.5764576123665,276.0581445949156,266.4857827129163,267.119384765625,29405800,MSFT
2022-04-25,266.39806604300793,274.0208353820041,263.94159742532975,273.64068603515625,35678900,MSFT
2022-04-26,270.5018959703177,271.34019387339646,263.19103391706585,263.4054870605469,46518400,MSFT
2022-04-27,274.9858557260027,283.63216251371057,272.11999585469886,276.0776062011719,63477700,MSFT
2022-04-28,277.9979262014816,283.6419191689695,274.36198065629725,282.3259582519531,33646600,MSFT
2022-04-29,281.33162254066934,282.5696138560068,269.5270350322061,270.52130126953125,37073900,MSFT
2022-05-02,270.70657918377503,277.7542605844876,269.2541641761208,277.2961120605469,35151100,MSFT
2022-05-03,276.79896688296844,276.9646928393328,273.08505147312025,274.6739501953125,25978600,MSFT
2022-05-04,275.4634953465318,283.5444421593352,269.7512901427397,282.6671447753906,33599300,MSFT
2022-05-05,278.33905179070734,279.12862223850783,267.42148968221215,270.3555908203125,43260400,MSFT
2022-05-06,267.8796967243855,272.20772888488153,264.42896194821265,267.8017272949219,37780300,MSFT
2022-05-09,263.24952897380894,265.49151486071605,256.6795101982503,257.90771484375,47726000,MSFT
2022-05-10,264.83835637264633,266.84640364213425,258.38530837575144,262.7035827636719,39336400,MSFT
2022-05-11,258.9799118410286,264.51666298143766,252.76080183031553,253.97927856445312,48975900,MSFT
2022-05-12,251.1914465609955,253.32622042112627,243.71487425735856,248.91046142578125,51033800,MSFT
2022-05-13,250.86002705080753,256.4065362115502,248.9104640346722,254.53494262695312,34925100,MSFT
2022-05-16,253.404193134665,259.1164282550163,249.32961356037617,254.90536499023438,32550900,MSFT
2022-05-17,259.399100730676,261.5631169343919,255.8411540674959,260.0912170410156,28828800,MSFT
2022-05-18,256.9646448671213,257.55088195954716,246.9694082925234,248.2493438720703,31356000,MSFT
2022-05-19,248.07344082605815,251.75694511743646,246.09980696588278,247.3308868408203,32692300,MSFT
2022-05-20,251.3367857647458,252.60697094594747,240.78463865997372,246.76419067382812,39199300,MSFT
2022-05-23,249.62697256957765,255.49904858681893,247.61423331558927,254.66854858398438,33175400,MSFT
2022-05-24,251.97190512383696,255.33293591210185,247.68263337364417,253.6621856689453,29043900,MSFT
2022-05-25,252.2162040206806,258.50839113022187,251.229372012258,256.49566650390625,28547900,MSFT
2022-05-26,256.2513925154789,260.98032015992106,255.43067249294842,259.798095703125,25002100,MSFT
2022-05-27,262.3188285588705,267.06728509964466,261.41992795269465,266.9695739746094,26910800,MSFT
2022-05-31,266.2759307760197,268.4645173068934,262.75853826764757,265.6310729980469,37827700,MSFT
2022-06-01,268.8846597665916,271.31750913902687,263.843069041527,266.16845703125,25292200,MSFT
2022-06-02,258.3813599596805,268.34727041092106,255.59675637137263,268.27886962890625,44008200,MSFT
2022-06-03,264.1069007674734,267.1748580929642,262.25050809236035,263.82354736328125,28059000,MSFT
2022-06-06,265.81671120246483,267.8880562545602,261.0877840528828,262.5826721191406,22400300,MSFT
2022-06-07,260.5211630991976,266.86222112303204,259.8372147630866,266.2466735839844,22860700,MSFT
2022-06-08,265.4747759645389,266.7351813240234,263.4229609139792,264.2046203613281,17372300,MSFT
2022-06-09,261.634906575168,266.45176436523536,258.5571996419541,258.7135314941406,26439700,MSFT
2022-06-10,254.60017757455358,254.60017757455358,246.73492150280825,247.1843719482422,31422800,MSFT
2022-06-13,239.4851805295695,243.30545685676884,235.98733310322459,236.70057678222656,46135800,MSFT
2022-06-14,238.2638775793901,240.10073992715505,235.9677996446839,238.87942504882812,28651500,MSFT
2022-06-15,242.61173342919113,249.44133097278552,240.76510609798785,245.98255920410156,33111700,MSFT
2022-06-16,240.33522097758944,241.7421780918866,237.44315571698203,239.34840393066406,33169200,MSFT
2022-06-17,239.08457333039794,244.75147677232087,238.42995041110007,241.9668731689453,43084800,MSFT
2022-06-21,244.51699356218077,248.90396178868318,243.7842046658451,247.91714477539062,29928300,MSFT
2022-06-22,246.10955646054185,251.26840324353233,244.62443367591388,247.32110595703125,25939900,MSFT
2022-06-23,249.70513771941606,253.41792266280578,247.80965482657095,252.91961669921875,25861400,MSFT
2022-06-24,255.80188378896082,261.83030544029367,255.7139527207006,261.5567321777344,33923200,MSFT
2022-06-27,262.0550996833187,262.14303078226516,257.2382406428297,258.8113098144531,24615100,MSFT
2022-06-28,257.9221576614475,260.78491242096936,250.4379369250215,250.59426879882812,27295500,MSFT
2022-06-29,251.6788100350008,255.95830237758284,249.89080316458814,254.2875518798828,20069800,MSFT
2022-06-30,251.15118613733407,253.57428565271542,247.09642660004045,250.9362335205078,31730900,MSFT
2022-07-01,250.50632484705463,253.8087348784013,248.76715893036126,253.6230926513672,22837700,MSFT
2022-07-05,250.28157571455267,256.9450756953764,248.89416404155705,256.81805419921875,22941000,MSFT
2022-07-06,257.6974130616981,261.8401031652253,256.3783871640925,260.1009521484375,23824400,MSFT
2022-07-07,259.0359333440472,262.88551929978155,258.9382222138368,262.24066162109375,20859900,MSFT
2022-07-08,258.7135963635859,261.94763595988434,257.248018426269,261.5177307128906,19658800,MSFT
2022-07-11,259.55385672925706,260.4136672563507,256.1634851110304,258.4400329589844,19455200,MSFT
2022-07-12,259.77854920606694,259.8371699313609,246.25614034660703,247.84873962402344,35868500,MSFT
2022-07-13,244.44859236387242,247.73148701005059,242.4163228297024,246.9205322265625,29497400,MSFT
2022-07-14,244.81989713467624,249.28501648121124,240.2961421519958,248.2493438720703,25102800,MSFT
2022-07-15,249.85171396560196,254.39499935360527,248.923517638966,250.82876586914062,29774100,MSFT
2022-07-18,253.789205440495,254.85418832606308,247.48722430252386,248.41542053222656,20975000,MSFT
2022-07-19,251.66900149881295,253.75990676258039,247.85850526096056,253.5742645263672,25012600,MSFT
2022-07-20,253.93573497770862,258.79168319801533,252.9684633205692,256.2513427734375,22788300,MSFT
2022-07-21,253.82829056890776,258.81126061612775,251.13161811146432,258.76239013671875,22404700,MSFT
2022-07-22,259.1531948911001,259.24112596994024,253.12480233167656,254.3851776123047,21881300,MSFT
2022-07-25,255.01055086689712,255.49907682641225,250.91670094077966,252.8903350830078,21056000,MSFT
2022-07-26,253.89667859982464,253.91623871980474,243.8428365645717,246.11935424804688,39348000,MSFT
2022-07-27,255.166807224463,263.8527807086817,252.90982034493575,262.5728454589844,45994000,MSFT
2022-07-28,263.5597556772068,271.46410213964964,261.72289329505287,270.0669250488281,33459300,MSFT
2022-07-29,271.3272998322268,275.5286106924797,270.28184723835176,274.2975158691406,32152800,MSFT
2022-08-01,271.4445457557554,274.8251367286238,269.5099724039233,271.63018798828125,21539600,MSFT
2022-08-02,269.66631124641907,271.5129535596286,266.12938831170163,268.5133972167969,22754200,MSFT
2022-08-03,270.4089258514928,276.99424690662045,270.26234419508773,275.9878845214844,23518900,MSFT
2022-08-04,275.33322553041455,277.2873294158462,273.74065591028534,277.1407775878906,18098700,MSFT
2022-08-05,272.74403046110217,277.14076398755924,272.28481487787076,276.4177551269531,16774600,MSFT
2022-08-08,277.5315916851269,279.3587038597867,272.91015509105625,273.88720703125,18739200,MSFT
2022-08-09,273.2227242517133,276.5837543301853,271.239280875413,275.8216552734375,23405200,MSFT
2022-08-10,281.5570506992945,283.15940026226946,280.35526616412074,282.5243225097656,24687800,MSFT
2022-08-11,284.175504994771,284.52722930944947,279.9351040144919,280.4333801269531,20065900,MSFT
2022-08-12,281.85993143304614,285.2112121582031,280.35526321914153,285.2112121582031,22619700,MSFT
2022-08-15,284.32209329350565,287.42911107438584,283.4525028196031,286.73541259765625,18085700,MSFT
2022-08-16,285.2893498697751,287.2923239805232,283.75540118161075,285.9928283691406,18102900,MSFT
2022-08-17,283.6918563410664,287.2265154763441,283.4275031724951,285.2388916015625,18253400,MSFT
2022-08-18,284.13245627621524,285.8165534798573,283.0456113375506,284.1128845214844,17186200,MSFT
2022-08-19,282.8693837672335,283.21208370807085,279.5991078037717,280.1767883300781,20570000,MSFT
2022-08-22,276.191780334642,276.5638529031188,271.4332434991886,271.9521789550781,25061100,MSFT
2022-08-23,270.6695251464844,273.0389927321079,269.65122599832847,270.6695251464844,17527400,MSFT
2022-08-24,269.6610085134701,271.4430244316459,269.3672528796194,270.0330810546875,18137000,MSFT
2022-08-25,271.54088479493174,273.1956094206998,268.7895442970541,273.0291748046875,16583400,MSFT
2022-08-26,273.2543867966453,274.48809473855994,262.3861154474646,262.4938049316406,27549300,MSFT
2022-08-29,260.3005650968234,261.8181979316552,258.342313758695,259.6935119628906,20338500,MSFT
2022-08-30,261.103521250784,261.4755639993198,255.2189649319629,257.4807434082031,22767100,MSFT
2022-08-31,259.85021020629233,261.53427789568053,255.87493197122282,256.01202392578125,24791800,MSFT
2022-09-01,253.46627900247665,255.44413214790004,250.07851226225628,254.96434020996094,23263400,MSFT
2022-09-02,256.23721883460826,259.21373957862966,249.15812895739882,250.71493530273438,22855400,MSFT
2022-09-06,250.8520254014025,252.44797525069836,246.68094020616354,247.96359252929688,21328200,MSFT
2022-09-07,249.3833096821503,253.42708861317715,247.93420784755494,252.70254516601562,24126700,MSFT
2022-09-08,252.1346842329514,254.99371472146694,249.47144602800012,253.1235809326172,20319900,MSFT
2022-09-09,255.06227583640336,259.6935517170331,254.85666778097755,258.9396057128906,22084700,MSFT
2022-09-12,260.2320885613663,261.86724201241935,259.62503526546527,261.08392333984375,18747700,MSFT
2022-09-13,253.43689095320934,254.96432464482666,246.33822967440065,246.72988891601562,33353300,MSFT
2022-09-14,248.23773036455412,248.92311534672746,244.6443409420498,246.955078125,23913000,MSFT
2022-09-15,244.55621930906506,246.15218396913423,238.9262467864511,240.2578582763672,31530900,MSFT
2022-09-16,239.1612649577464,240.17956416663884,237.00719116393054,239.63125610351562,39791800,MSFT
2022-09-19,237.40860661356453,240.0228704060289,235.82242778090065,239.4158172607422,26826900,MSFT
2022-09-20,237.01696522076853,238.4268936780499,234.63768200232818,237.38902282714844,26660300,MSFT
2022-09-21,239.17105337813675,242.4902891041455,233.91313789195507,233.96209716796875,28625600,MSFT
2022-09-22,232.9046405681356,238.76960926962832,232.61091479132295,235.94972229003906,31061200,MSFT
2022-09-23,234.53977696593785,236.09659827223658,230.29037477151613,232.95359802246094,34176000,MSFT
2022-09-26,232.1017486430267,236.40989571851813,231.9548708248314,232.49339294433594,27694200,MSFT
2022-09-27,234.9705839342444,236.75259989953264,229.60497922142935,231.47511291503906,27018700,MSFT
2022-09-28,231.8667567155219,237.27153481149165,229.83017344834093,236.037841796875,29029700,MSFT
2022-09-29,233.9033272029391,234.94119800713992,229.51684845035993,232.54234313964844,27484200,MSFT
2022-09-30,233.31586292569597,235.5188958115648,227.87192627372596,228.0383758544922,35694800,MSFT
2022-10-03,230.49600985220198,236.56658686861817,229.76166549682242,235.71475219726562,28880400,MSFT
2022-10-04,239.9739045740591,245.13390098876755,239.86620015378074,243.68479919433594,34888400,MSFT
2022-10-05,240.8551530786187,245.34933676862912,239.00460597448068,243.99813842773438,20347100,MSFT
2022-10-06,242.7546151184476,245.11431151949765,240.94324163096667,241.63841247558594,20239900,MSFT
2022-10-07,235.8713841468346,236.28263010395378,228.30274638054547,229.3504180908203,37769600,MSFT
2022-10-10,228.1852652907987,229.66373983539455,221.99718320956242,224.46458435058594,29743600,MSFT
2022-10-11,222.86858659888884,224.27852999445886,219.43186077739125,220.70472717285156,30474000,MSFT
2022-10-12,220.69494343568198,223.1035994129206,219.28501487125726,221.0376434326172,21903900,MSFT
2022-10-13,215.26079932824376,231.17159255986616,214.55582760214386,229.3504180908203,42551800,MSFT
2022-10-14,230.62327997694132,232.2878057575382,223.57357733892508,223.7889862060547,30198600,MSFT
2022-10-17,230.89743494920083,233.9718891188807,230.2316216892533,232.5717315673828,28142300,MSFT
2022-10-18,238.16256123142458,238.83814547298792,230.45683114701563,233.52149963378906,26329600,MSFT
2022-10-19,232.091978725241,234.60833926401423,229.39938270949622,231.54367065429688,19985700,MSFT
2022-10-20,230.8484319574127,236.2727808566918,229.96721001027268,231.22048950195312,21811000,MSFT
2022-10-21,229.83998021019283,237.92755339567935,229.60498465550126,237.06591796875,26299700,MSFT
2022-10-24,238.67168249474804,242.66651726478315,236.26304156622302,242.08883666992188,24911200,MSFT
2022-10-25,242.0986216482708,245.7997156975737,240.6984790313292,245.4276580810547,34775500,MSFT
2022-10-26,226.34450095549056,233.32567243013398,225.2576707603945,226.4913787841797,82543200,MSFT
2022-10-27,226.21721240884574,228.81190467591765,221.06701621251608,222.0167694091797,40424600,MSFT
2022-10-28,221.5173953809148,231.6611378474482,221.33135911449682,230.9463653564453,40647700,MSFT
2022-10-31,228.88041908310257,230.01620848488474,226.3249003992289,227.28445434570312,28357300,MSFT
2022-11-01,229.702890380131,230.81909305711767,222.58464250709673,223.4071044921875,30592300,MSFT
2022-11-02,224.67018647629374,226.47177415281237,215.4468093670209,215.5055694580078,38407000,MSFT
2022-11-03,215.49576989713026,215.80909728979998,209.51331132332834,209.77767944335938,36633900,MSFT
2022-11-04,213.008792003022,216.96445312693717,208.9747840925836,216.7686309814453,36789100,MSFT
2022-11-07,217.35613859957564,223.642124352485,216.66095271783695,223.11338806152344,33498000,MSFT
2022-11-08,223.92604919971197,226.81446708596394,221.12574904260384,224.09249877929688,28192500,MSFT
2022-11-09,222.62381708948223,223.85752509677178,219.64728138196077,219.82351684570312,27852900,MSFT
2022-11-10,230.515571727907,238.2506742370908,230.0945548202056,237.90797424316406,46268000,MSFT
2022-11-11,237.91777362051934,242.8134024168077,236.87988776587653,241.95176696777344,34620200,MSFT
2022-11-14,236.93866076555872,238.81858053288596,234.21669220179876,236.50784301757812,31123300,MSFT
2022-11-15,240.5320439197712,241.84406888595643,235.01956096953973,236.9190673828125,31390100,MSFT
2022-11-16,238.39188532341055,239.38359889843684,236.06482234792887,237.35108947753906,24093300,MSFT
2022-11-17,233.47264075020115,238.84355351183237,233.3253639763413,237.30198669433594,23123500,MSFT
2022-11-18,239.09880603195285,239.32465036461224,234.69996551761506,236.8502960205078,27613500,MSFT
2022-11-21,237.05650427423635,240.23781728148245,236.8208614471362,237.665283203125,26394700,MSFT
2022-11-22,239.17737646147847,240.8662199512073,236.34955769689049,240.59129333496094,19665700,MSFT
2022-11-23,240.66983559815458,243.78240928452703,239.84505578484715,243.0950927734375,19508500,MSFT
2022-11-25,242.82998203144444,244.19480161069367,242.26048692164872,243.00672912597656,9200800,MSFT
2022-11-28,241.62227427823314,242.1819409644526,236.43792242620464,237.38052368164062,24778200,MSFT
2022-11-29,237.02704966267706,238.3918693092864,233.89484887777672,235.9764404296875,17956300,MSFT
2022-11-30,236.21208578979417,250.7047032506518,235.51494083530574,250.5181427001953,47594200,MSFT
2022-12-01,249.27115626054174,251.48039765327633,246.37459831987624,250.07630920410156,26041500,MSFT
2022-12-02,245.2945153798115,251.42146812835296,245.16686553675822,250.4003143310547,21528500,MSFT
2022-12-05,247.4448272057783,249.22205159608075,243.56638455022468,245.66761779785156,23435300,MSFT
2022-12-06,246.2764137142749,247.29756756690452,239.3639346203721,240.67965698242188,22463700,MSFT
2022-12-07,240.39491100568443,241.70081987887235,237.82237705020034,239.9432373046875,20481500,MSFT
2022-12-08,240.40472694227282,244.23408754539898,238.65697278896897,242.91835021972656,22611800,MSFT
2022-12-09,240.26728468255888,243.8118905475725,239.7370733126201,240.9742431640625,20609700,MSFT
2022-12-12,242.96746996405648,247.96526162942584,242.692543329028,247.93580627441406,30665100,MSFT
2022-12-13,256.94949571953015,259.13911012222144,248.48565156116547,252.2659149169922,42196900,MSFT
2022-12-14,252.47213503033785,257.8332195935308,249.70321169806795,252.5605010986328,35410900,MSFT
2022-12-15,249.12389201647076,249.5951926755457,242.8594602024895,244.49920654296875,35560400,MSFT
2022-12-16,244.0475385389959,245.314163694285,239.09882936779724,240.25746154785156,86102000,MSFT
2022-12-19,240.42435459914438,240.76802033194576,234.38576802042482,236.09423828125,29696400,MSFT
2022-12-20,235.06328188479955,238.50970810030006,234.10103870258786,237.41981506347656,25150800,MSFT
2022-12-21,237.311811174577,241.17061240909877,235.76043092550097,240.00216674804688,23690600,MSFT
2022-12-22,236.8895930796324,237.60637998766668,229.63346281298368,233.87521362304688,28651700,MSFT
2022-12-23,231.83286167183076,234.5428588047953,229.7021730774097,234.4053955078125,21207000,MSFT
2022-12-27,234.37595081143152,234.60178017051703,231.55794560399602,232.66748046875,16688600,MSFT
2022-12-28,232.5987742278732,235.37751101989465,229.9280454024101,230.28152465820312,17457100,MSFT
2022-12-29,231.38121460067237,237.53763828702606,231.38121460067237,236.6441192626953,19770700,MSFT
2022-12-30,233.89482682014858,235.61312552884607,232.37290211025564,235.4756622314453,21938500,MSFT
2023-01-03,238.6766338893005,241.29826533020105,233.099518684118,235.2400360107422,25740000,MSFT
2023-01-04,228.07227767052504,228.65158630367102,221.86677141601638,224.94989013671875,50623400,MSFT
2023-01-05,223.0843160116747,223.42798182704215,217.74285808894678,218.28289794921875,39585600,MSFT
2023-01-06,218.9603615409851,221.67035882828523,215.37648717687478,220.8553924560547,43613600,MSFT
2023-01-09,222.34787609092098,227.05111407181693,222.30860727948638,223.0057373046875,27369800,MSFT
2023-01-10,223.6341254274707,227.11982022415233,223.21192206293,224.7043914794922,27033900,MSFT
2023-01-11,227.100182955992,231.67577081089505,226.92345084138603,231.49903869628906,28669300,MSFT
2023-01-12,230.99828080713587,235.55422702400872,229.32907915113603,234.1894073486328,27269500,MSFT
2023-01-13,232.70674766587976,235.03381034817815,230.66442504459786,234.89634704589844,21333300,MSFT
2023-01-17,233.65918727061418,236.54593172373328,232.79512362957803,235.99607849121094,29831300,MSFT
2023-01-18,237.19398238340665,237.9893068890098,231.25357474268407,231.53831481933594,30028700,MSFT
2023-01-19,229.54511601112426,231.25360161671026,226.5012659624361,227.72862243652344,28623000,MSFT
2023-01-20,230.60551909385947,236.3790078733517,230.2618533398891,235.86842346191406,35389800,MSFT
2023-01-23,236.73249848259866,240.728762962326,235.30875313249115,238.18568420410156,31934000,MSFT
2023-01-24,238.1071302689207,239.53086062869244,236.08444941515683,237.65545654296875,40234400,MSFT
2023-01-25,230.2324277347602,238.8926620229458,226.71727706998303,236.2513885498047,66526600,MSFT
2023-01-26,239.23628611084743,243.81187403333118,237.61618177352415,243.5074920654297,33454500,MSFT
2023-01-27,244.47959356315135,245.30437350913868,242.35871800285938,243.6646270751953,26498900,MSFT
2023-01-30,240.08068968374297,241.1509556923859,237.81253779018328,238.3133087158203,25867400,MSFT
2023-01-31,239.03993357311754,243.4584166890065,238.5489910046854,243.32095336914062,26541100,MSFT
2023-02-01,243.507493740727,250.55742124700228,241.02332574913956,248.17144775390625,31259900,MSFT
2023-02-02,254.13149875716766,259.8951592726371,252.5899320193859,259.8067932128906,39940400,MSFT
2023-02-03,254.83842839822648,259.4140158625244,252.44262672224642,253.66998291015625,29077300,MSFT
2023-02-06,252.77649801588666,253.62090480368727,250.1646801008737,252.11862182617188,22518000,MSFT
2023-02-07,255.8105144830151,263.90123782031543,255.36865421838652,262.7131652832031,50841400,MSFT
2023-02-08,268.25102168143684,271.7465302451499,261.387624446795,261.8982238769531,54686000,MSFT
2023-02-09,268.8400948175214,269.0168568866588,258.0393600664708,258.8445129394531,42375100,MSFT
2023-02-10,256.7923871898371,259.30601043512377,255.93815201976537,258.3339538574219,25818500,MSFT
2023-02-13,262.79173001037145,269.62564159022224,262.3105859582913,266.4050598144531,44630900,MSFT
2023-02-14,267.7306581899641,269.98898222750483,264.4020528853682,267.2397155761719,37047900,MSFT
2023-02-15,264.11929330764815,266.49156688669603,262.01278189893924,265.1036376953125,28922400,MSFT
2023-02-16,259.88658706642394,262.5640049267377,257.79978182996587,258.0458679199219,29603600,MSFT
2023-02-17,255.32910759019907,256.0181306443046,251.99216566482698,254.01991271972656,30000100,MSFT
2023-02-21,250.49597073877874,251.49016824327242,247.6512158869296,248.7143096923828,28397400,MSFT
2023-02-22,250.1120590242694,250.35814511839848,246.42076761233298,247.57244873046875,22491100,MSFT
2023-02-23,251.55902797945566,252.81898748724595,246.55855711170582,250.78140258789062,29219100,MSFT
2023-02-24,246.0467338648536,247.0704454363902,244.21585267237742,245.3183135986328,24990900,MSFT
2023-02-27,248.50760176361655,248.86196635972186,245.48565714962064,246.2436065673828,21190000,MSFT
2023-02-28,245.17065572399935,247.55276726085282,244.83596722815324,245.51516723632812,22491000,MSFT
2023-03-01,246.8342018468034,247.00153859615037,241.9420088680049,242.4145050048828,27565300,MSFT
2023-03-02,242.69011807533903,247.46417946735576,241.76483192375827,247.17872619628906,24808200,MSFT
2023-03-03,248.24183038751409,251.61812465694902,247.4543518199206,251.2932891845703,30760100,MSFT
2023-03-06,252.41542732051573,256.0476605602481,251.97247534442963,252.84854125976562,24109800,MSFT
2023-03-07,252.287461805782,253.65571496313456,249.4230309703386,250.17112731933594,21473200,MSFT
2023-03-08,250.06285343446362,250.55502565152239,246.88342511783708,249.72817993164062,17340200,MSFT
2023-03-09,251.8150022990688,255.49644089849014,247.6413764588662,248.3697967529297,26653400,MSFT
2023-03-10,247.1491579844045,248.83237825364546,243.7236441737533,244.69813537597656,28333900,MSFT
2023-03-13,243.52680285893817,253.87227229864152,241.8829494842542,249.94473266601562,33339700,MSFT
2023-03-14,252.7304541056199,256.9828296179448,251.85438808848426,256.70721435546875,33620300,MSFT
2023-03-15,255.90982124296121,262.30805867578727,255.1518569677534,261.2843322753906,46028000,MSFT
2023-03-16,261.05798023414945,272.23029562382413,259.1582026765928,271.8759460449219,54768800,MSFT
2023-03-17,273.9036927174477,278.89429618396935,271.9940621060292,275.05535888671875,69527400,MSFT
2023-03-20,272.64368331991255,273.1358554487767,265.6253039559413,267.9680480957031,43466600,MSFT
2023-03-21,270.57658976474096,270.6947062847507,265.30048823245505,269.4938049316406,34558700,MSFT
2023-03-22,269.1197685728432,276.64017464446556,267.91886713354575,268.02716064453125,34873300,MSFT
2023-03-23,273.58866452624983,276.65981401873677,270.89157068422304,273.31304931640625,36610900,MSFT
2023-03-24,272.8996671709077,276.23660953799197,270.9703603082994,276.17755126953125,28172000,MSFT
2023-03-27,276.1086255385682,277.05358782445194,271.20657923339166,272.0531311035156,26840200,MSFT
2023-03-28,271.4723730848255,271.8168996614657,267.79090429530686,270.921142578125,21878600,MSFT
2023-03-29,274.59271732819036,276.73861104356007,274.0513399006214,276.11846923828125,25087000,MSFT
2023-03-30,279.78023217395076,280.0066121706269,277.0732849525492,279.60302734375,25053400,MSFT
2023-03-31,279.288067620429,284.7413143620683,278.5694853421409,283.7864990234375,32766000,MSFT
2023-04-03,282.0343397141944,283.7569423716875,279.5045974988717,282.7332458496094,24883300,MSFT
2023-04-04,282.7332562405726,285.90284644844036,281.1976813612138,282.68402099609375,25824300,MSFT
2023-04-05,281.3747970971364,282.65443254812493,278.49067578511693,279.888427734375,22064800,MSFT
2023-04-06,278.77615698093774,287.5072866226031,277.614637849039,287.0348205566406,29770300,MSFT
2023-04-10,284.68223121557776,285.06613994489004,280.25268148244174,284.85943603515625,23103000,MSFT
2023-04-11,281.27639833215596,281.5028083472433,277.230757468165,278.402099609375,27276600,MSFT
2023-04-12,280.3314847497696,282.5167307895647,277.5457729310279,279.05181884765625,27403400,MSFT
2023-04-13,279.1502457203857,285.3614569468839,278.7368378636827,285.3023986816406,24222700,MSFT
2023-04-14,282.5068305661248,283.96367102936733,279.2486531464038,281.6603088378906,20987900,MSFT
2023-04-17,285.390908731001,287.03477677423257,281.6799418848738,284.2785949707031,23836200,MSFT
2023-04-18,287.00532200932577,287.1923498602999,282.51671366556474,283.85540771484375,20161800,MSFT
2023-04-19,281.51263430866226,284.52472565141113,280.08535300849246,283.93414306640625,17150300,MSFT
2023-04-20,280.78424603946644,284.50506674858116,280.6168942704113,281.6307678222656,23244400,MSFT
2023-04-21,280.54799661030216,281.78825008105144,278.6285130858529,281.2862548828125,21676400,MSFT
2023-04-24,277.67370102270286,280.48894155472334,274.35646528671094,277.35870361328125,26611000,MSFT
2023-04-25,275.13415035436924,277.19142682597555,271.0589495638587,271.1081848144531,45772200,MSFT
2023-04-26,292.05498339426265,294.8800468988335,288.1471350865969,290.74578857421875,64599200,MSFT
2023-04-27,291.3364016068915,300.4219108695134,290.62767246567086,300.05767822265625,46462600,MSFT
2023-04-28,299.2505571443168,304.0935148750173,298.5615040334557,302.4496765136719,36446700,MSFT
2023-05-01,302.16417419978745,303.76866023229246,300.3726603451006,300.7762451171875,21294100,MSFT
2023-05-02,302.9418162241632,304.3395683302201,299.1520846006122,300.62860107421875,26404400,MSFT
2023-05-03,301.81967570546,303.77851145251077,299.32928557023496,299.6344299316406,22360800,MSFT
2023-05-04,301.44559363876704,302.9418162241632,298.65005938684857,300.62860107421875,22519900,MSFT
2023-05-05,300.93377975527426,307.085932430796,299.50646831862997,305.7865905761719,28181200,MSFT
2023-05-08,305.27474217870144,305.34365349819655,301.29798227952045,303.8179016113281,21318600,MSFT
2023-05-09,303.1780393519697,305.1861101016797,301.514495109484,302.1936950683594,21340800,MSFT
2023-05-10,303.78836006860274,308.09979329228884,302.85325092434726,307.42059326171875,30078000,MSFT
2023-05-11,305.24515135001195,306.24917164903025,301.4652731163055,305.2549743652344,31680200,MSFT
2023-05-12,305.68815505667965,305.78659550903757,301.8000125269122,304.1329040527344,19758100,MSFT
2023-05-15,304.26088478130237,305.04834834939237,302.77451500373724,304.615234375,16336500,MSFT
2023-05-16,304.97942609367624,308.7986873456042,304.97942609367624,306.8595275878906,26730300,MSFT
2023-05-17,308.07292647953415,310.1840128280389,306.54383920821226,309.75982666015625,24315000,MSFT
2023-05-18,310.2826700411064,314.73177784456124,309.483610472281,314.2187805175781,27276000,MSFT
2023-05-19,312.4627684149511,314.44563523086384,312.0977696709312,314.0411682128906,27529500,MSFT
2023-05-22,314.29771785830155,318.23382834454407,313.71568867126024,316.8428649902344,24115700,MSFT
2023-05-23,315.70838374356634,318.3620609809565,310.99293302124596,311.0028076171875,30797200,MSFT
2023-05-24,310.47996842062906,312.22605590477934,308.3885711303924,309.6118469238281,23384900,MSFT
2023-05-25,318.87502712507745,322.48560688715077,315.67878902000206,321.51885986328125,43301700,MSFT
2023-05-26,319.64455742206,328.8978986079239,319.50646357886575,328.3948059082031,36630600,MSFT
2023-05-30,330.70313021071354,331.20622279832344,326.05671145740513,326.7373962402344,29503100,MSFT
2023-05-31,327.80283457515725,331.403539726326,322.9097916897827,323.95550537109375,45950600,MSFT
2023-06-01,321.5287039010863,329.02608115085206,320.33505191131786,328.0888977050781,26773900,MSFT
2023-06-02,329.73638489709236,332.94249783924806,328.0593291620814,330.870849609375,25864000,MSFT
2023-06-05,330.6932859235735,333.9881799034305,330.1408504123087,331.403564453125,21307100,MSFT
2023-06-06,330.8017237734239,330.841192046933,327.6844225920594,329.17401123046875,20396200,MSFT
2023-06-07,327.17146599385774,329.9731116515835,318.1450315839659,319.0131530761719,40717100,MSFT
2023-06-08,319.5655851097024,322.2291369225087,318.98355595766924,320.8677673339844,23277700,MSFT
2023-06-09,320.6013944671028,325.5338755296102,320.0292399102611,322.3771057128906,22514900,MSFT
2023-06-12,324.1429427458358,327.61542900796314,320.7691422408111,327.3688049316406,24260300,MSFT
2023-06-13,329.95341049295934,332.42952577838406,325.9285189350578,329.7758483886719,22951300,MSFT
2023-06-14,329.82517898213644,334.46172377002256,328.31584080318265,332.78466796875,26003800,MSFT
2023-06-15,332.9227084235041,345.1157855402514,332.6464907249022,343.3992919921875,38899100,MSFT
2023-06-16,346.57586654973045,346.72383496475805,337.3324015901357,337.7072448730469,46533600,MSFT
2023-06-20,334.72804129963237,337.46062508330874,331.3246171835482,333.48504638671875,26375400,MSFT
2023-06-21,331.8276851508412,333.1693354887916,327.58576400380014,329.0556335449219,25117800,MSFT
2023-06-22,329.6081094184592,335.52708668833833,328.838643577594,335.12261962890625,23556800,MSFT
2023-06-23,329.8448805246099,333.39627314072527,328.9471954059109,330.4959716796875,23084700,MSFT
2023-06-26,329.2135454326496,331.5712559275852,324.05415896146803,324.1626892089844,21520600,MSFT
2023-06-27,327.3786061607091,331.61068318067953,324.85317836133345,330.0520324707031,24354100,MSFT
2023-06-28,330.14082540190753,333.4160000459161,329.30229760192987,331.31475830078125,20259500,MSFT
2023-06-29,330.19013811405165,331.57122678735186,328.1283646472187,330.5255432128906,16997000,MSFT
2023-06-30,333.18910383853483,338.1018659336961,332.64654295071426,335.9414367675781,26823800,MSFT
2023-07-03,334.60968039782284,336.29658063116784,332.0250649242067,333.4258728027344,12508700,MSFT
2023-07-05,330.5650032791807,337.0364158494364,330.2098791029289,333.58367919921875,18172400,MSFT
2023-07-06,332.7451989549393,338.3583654623212,330.9695176090643,336.6615905761719,28161200,MSFT
2023-07-07,334.7379078689779,337.17455476042386,332.4492293908837,332.666259765625,21185300,MSFT
2023-07-10,330.0816433554904,330.7031407949626,323.1662951750732,327.3490295410156,32791400,MSFT
2023-07-11,326.58944439701025,328.36512559547043,322.58427205153635,327.98040771484375,26698200,MSFT
2023-07-12,332.05461117957884,337.0364047109199,331.13717698244034,332.6465148925781,29995300,MSFT
2023-07-13,334.9746620206647,339.09820909301106,334.4419456196633,338.0328063964844,20567200,MSFT
2023-07-14,342.8962447343513,346.68438690739697,339.6605380799491,340.5779724121094,28302200,MSFT
2023-07-17,341.0119974589969,342.30430506599646,337.5790099679338,341.06134033203125,20363900,MSFT
2023-07-18,341.1599274120165,361.82703240968596,337.5493782381458,354.6354675292969,64872700,MSFT
2023-07-19,356.86503882465547,357.5654427726351,347.6807606209098,350.28509521484375,39732900,MSFT
2023-07-20,348.79548040834504,353.13605781346064,340.70619925367106,342.1859436035156,33778400,MSFT
2023-07-21,344.4351622996389,345.56962697471664,335.2410099540345,339.1278076171875,69368900,MSFT
2023-07-24,341.1797347293557,342.2352929441679,337.6875295682125,340.44970703125,26678100,MSFT
2023-07-25,342.42271258678073,347.1381937516986,340.41028183220885,346.240478515625,41637700,MSFT
2023-07-26,336.8293171664982,340.01571122456374,328.61178568719,333.2088623046875,58383700,MSFT
2023-07-27,335.8822409797451,336.7207386752654,324.6065664004519,326.2540283203125,39635300,MSFT
2023-07-28,329.16423615072927,335.418619127257,328.67098799700807,333.8007507324219,28484900,MSFT
2023-07-31,332.3703157885018,333.1397816268532,328.85836158947654,331.3838195800781,25446000,MSFT
2023-08-01,330.6636616188916,333.96842988932275,329.1937919238342,331.7981262207031,18311900,MSFT
2023-08-02,329.12474134255,329.12474134255,321.9528944979642,323.0775146484375,27761300,MSFT
2023-08-03,321.597779707483,325.42539000063243,321.5484669368351,322.2488708496094,18253700,MSFT
2023-08-04,327.39836976439574,330.61435706998384,322.82101286060225,323.3537292480469,23727700,MSFT
2023-08-07,323.9357584110446,326.638748415641,323.09723060433043,325.6522521972656,17741500,MSFT
2023-08-08,322.54477933640453,324.3106159103617,318.6382629324619,321.6470642089844,22327600,MSFT
2023-08-09,322.0614270294025,322.69276896492516,316.7146041895466,317.8786926269531,22373300,MSFT
2023-08-10,321.6174835434037,323.8272555255074,316.84284549970266,318.5692138671875,20113700,MSFT
2023-08-11,315.9352987108156,318.05625962756983,314.8994595848591,316.6751708984375,24342600,MSFT
2023-08-14,317.05006689482826,319.68399521148456,315.75772901793835,319.6642761230469,18836100,MSFT
2023-08-15,318.63823081097917,320.7000039859231,316.56658304157827,317.51361083984375,16966300,MSFT
2023-08-16,317.13801214006867,320.7167146880456,316.1494272765782,316.7425842285156,20698900,MSFT
2023-08-17,316.8810420771974,318.19584684332114,312.600452163101,313.2628173828125,21257200,MSFT
2023-08-18,310.90003574711136,314.74564524442695,307.9935939126714,312.8673400878906,24744800,MSFT
2023-08-21,314.30079649101214,319.08554388527233,313.42097159988043,318.2057189941406,24040000,MSFT
2023-08-22,321.7843590357293,322.357724957099,317.7904679139887,318.779052734375,16102000,MSFT
2023-08-23,320.1235801042698,325.44217186855207,319.7676738405526,323.26727294921875,21166400,MSFT
2023-08-24,329.05048294908903,329.1790038104103,316.3076093798751,316.3175048828125,23281400,MSFT
2023-08-25,317.8003790491066,321.64595850158366,315.16084417438077,319.29315185546875,21684100,MSFT
2023-08-28,321.9425310997952,322.42692799992096,318.0475045559713,320.0049133300781,14808500,MSFT
2023-08-29,318.2056753742059,325.22463338047504,318.2056753742059,324.6611328125,19284600,MSFT
2023-08-30,324.91820935696705,326.0451804445671,322.72354969246516,325.0368347167969,15222100,MSFT
2023-08-31,325.44218047674366,327.1326523087655,323.0497916021966,324.01861572265625,26411000,MSFT
2023-09-01,327.5280384500807,328.2002688955857,323.04975036551434,324.9082946777344,14931200,MSFT
2023-09-05,325.2444131923776,331.02764055502126,324.9082979662232,329.7424621582031,18553900,MSFT
2023-09-06,329.57446216279004,330.6421206560539,326.41097819074616,329.0801696777344,17535800,MSFT
2023-09-07,327.50826429163334,329.2778093480337,325.27405300686524,326.1440124511719,18381000,MSFT
2023-09-08,326.32194649198414,332.3226633487049,325.69913325335335,330.4542236328125,19530100,MSFT
2023-09-11,333.3903759343724,334.556929093658,331.60103960424,334.0823974609375,16583300,MSFT
2023-09-12,331.9865748697913,332.94550339059816,327.69612019842117,327.9827880859375,17565500,MSFT
2023-09-13,327.52803797035625,333.0048063818992,327.38965178199726,332.22381591796875,16544400,MSFT
2023-09-14,335.27849369341885,336.9689650765975,332.72795845159163,334.8336486816406,20267000,MSFT
2023-09-15,333.0740001194204,333.5485015094664,325.8869694008101,326.4504699707031,37666900,MSFT
2023-09-18,324.0580844389393,326.62841094537885,322.6345199175024,325.3037109375,16834200,MSFT
2023-09-19,322.446705559853,325.6299497048408,320.8056512322667,324.89837646484375,16505900,MSFT
2023-09-20,325.7486204721018,325.827693989748,316.8513563606588,317.1083679199219,21436500,MSFT
2023-09-21,315.61563077468617,321.6361093088124,311.40424936718983,315.8825378417969,35529500,MSFT
2023-09-22,317.6521256558587,317.7806465273566,312.5411281531975,313.3913269042969,21447900,MSFT
2023-09-25,312.9760849775433,314.04377354761226,311.404238631424,313.9152526855469,17836000,MSFT
2023-09-26,311.5327634853885,312.27420215829727,306.4810789726441,308.576904296875,26297600,MSFT
2023-09-27,308.7349943614077,310.7121637909888,306.15480273702576,309.21942138671875,19410100,MSFT
2023-09-28,307.4400098031896,311.87877653956156,305.9176107720618,310.0597839355469,19683600,MSFT
2023-09-29,314.1228607733478,315.8232280557425,311.3844913845662,312.14569091796875,24140300,MSFT
2023-10-02,312.66963949567804,318.21561662397966,311.5821900421662,318.1266174316406,20570000,MSFT
2023-10-03,317.167634390926,317.7212696106561,307.6574538533491,309.8125915527344,21033500,MSFT
2023-10-04,310.44528440709587,316.38668872589204,310.4156280697813,315.3190002441406,20720100,MSFT
2023-10-05,315.4475399696837,316.3273949780159,311.30536698470246,315.7144470214844,16965600,MSFT
2023-10-06,312.93655590409384,325.43228423514756,312.68940966497536,323.5243225097656,25645500,MSFT
2023-10-09,321.0429214154338,326.5295551178962,319.49083600200555,326.0550537109375,19891200,MSFT
2023-10-10,327.1820587892371,327.3204751601556,323.92963610326484,324.64141845703125,20557100,MSFT
2023-10-11,327.42918731045415,329.020824643838,325.3828395521265,328.6253967285156,20063200,MSFT
2023-10-12,326.79652976741545,329.82159726019745,324.9676416006663,327.3797912597656,19313100,MSFT
2023-10-13,328.5858665652145,330.019296623983,322.6345659293272,323.98895263671875,21072400,MSFT
2023-10-16,327.2710189684246,332.3029426566613,326.82617386510276,328.8428955078125,22158000,MSFT
2023-10-17,325.827664522765,329.653482917614,323.6725568735075,328.26947021484375,18338500,MSFT
2023-10-18,328.6945726494821,331.759191769858,324.55239964479256,326.34173583984375,23153600,MSFT
2023-10-19,328.35844548463956,333.0344625947889,327.1326099487148,327.5379333496094,25052100,MSFT
2023-10-20,327.9333816774439,328.13111072358873,321.73496526369917,322.9410400390625,25012600,MSFT
2023-10-23,321.7547330640911,328.9318691915997,320.68707463176605,325.560791015625,24374700,MSFT
2023-10-24,327.51818809043544,328.0520324209601,323.8604418074662,326.7569885253906,31153600,MSFT
2023-10-25,341.08157042022475,342.24812359609695,333.7660477847726,336.78125,55053800,MSFT
2023-10-26,336.6527185001531,337.7302724471152,323.20795749855927,324.1471252441406,37828500,MSFT
2023-10-27,326.6581143687127,332.876322086507,324.65128814798715,326.0451965332031,29856500,MSFT
2023-10-30,329.60408920215934,335.5751503381647,328.04210819348634,333.4595642089844,22828100,MSFT
2023-10-31,334.982031174134,335.13031288935616,330.8695139797282,334.2504577636719,20265300,MSFT
2023-11-01,335.911226227204,343.45413282201713,335.77280987868386,342.1195373535156,28158800,MSFT
2023-11-02,343.27618356893754,344.84802981392585,340.834377854448,344.3438720703125,24348100,MSFT
2023-11-03,345.6389081595281,350.3445814577073,343.3651450199177,348.772705078125,23624000,MSFT
2023-11-06,349.4153160772212,353.4586243635472,349.31645156155355,352.46014404296875,23828300,MSFT
2023-11-07,355.29741447617323,358.3224819200667,353.54763002740117,356.4145202636719,25833900,MSFT
2023-11-08,357.55137827923454,359.7163816170377,356.4342725186346,359.0540466308594,26767800,MSFT
2023-11-09,358.1642694379123,360.62586616316025,356.2464124670446,356.5726623535156,24847300,MSFT
2023-11-10,357.36351801413326,365.8752490282028,356.9483292832311,365.4501647949219,28042100,MSFT
2023-11-13,364.0167223614231,364.2638685791425,361.7231982203745,362.4942932128906,19986500,MSFT
2023-11-14,366.77484717464085,367.7041192770522,363.1566232763778,366.04327392578125,27683900,MSFT
2023-11-15,367.7867626439103,369.6193627244979,363.6559833296178,366.1919250488281,26860100,MSFT
2023-11-16,367.469795129225,372.8090975451965,366.6971350089113,372.63079833984375,27182300,MSFT
2023-11-17,370.0948424049753,370.84770155077825,363.5470476915022,366.3702392578125,40157000,MSFT
2023-11-20,367.7273446792859,375.305362924845,367.5094133597198,373.8888244628906,52465100,MSFT
2023-11-21,372.13548017935176,372.6802933507884,367.62827122388927,369.5599365234375,28423100,MSFT
2023-11-22,374.44353505087355,376.2167020543969,371.4420444315091,374.2949523925781,23345300,MSFT
2023-11-24,373.7798105540461,374.4138035112927,371.61044336899096,373.8788757324219,10176600,MSFT
2023-11-27,373.23502159050327,377.05872006421737,372.6604918874323,375.04779052734375,22179200,MSFT
2023-11-28,374.7902863213691,379.39653058129164,374.6020715248377,379.099365234375,20453100,MSFT
2023-11-29,380.1493294028235,380.6842269423362,373.88878509131484,375.2855224609375,28963400,MSFT
2023-11-30,374.92890903622725,376.5138612366037,371.9373340529728,375.344970703125,30554400,MSFT
2023-12-01,373.2151890748226,374.60201085324076,367.8164543800959,370.9863586425781,33020400,MSFT
2023-12-04,365.6272685167618,366.0432999492324,359.4855901354516,365.6669006347656,32063300,MSFT
2023-12-05,363.002209215325,369.5698044164444,362.1800014727598,369.01507568359375,23065000,MSFT
2023-12-06,370.0255016850389,370.65946442979055,364.5673336677576,365.330078125,21182100,MSFT
2023-12-07,364.7654294389967,367.9551344956752,362.87339651052025,367.4598388671875,23118900,MSFT
2023-12-08,365.7263415696411,370.93683155749534,364.7654667428902,370.7090148925781,20144800,MSFT
2023-12-11,365.0131044942587,368.10374460980563,362.6554922898368,367.8065490722656,27708800,MSFT
2023-12-12,367.3607883950642,370.8972065792804,366.9744432787704,370.8575744628906,24838300,MSFT
2023-12-13,372.48212583174757,374.0869091144722,367.2815215613571,370.84765625,30955500,MSFT
2023-12-14,369.79762904450155,370.2434072135556,360.7040083315525,362.487060546875,43277500,MSFT
2023-12-15,363.3984742691784,368.8962446456856,362.83382989546425,367.2419738769531,78478200,MSFT
2023-12-18,365.9739554317672,369.4905423350022,365.21118080921997,369.1438293457031,21802900,MSFT
2023-12-19,367.994802756719,369.7481689453125,366.36033293398305,369.7481689453125,20603700,MSFT
2023-12-20,371.47176008252643,372.4920679743351,367.0438154931247,367.1329650878906,26316700,MSFT
2023-12-21,369.0547222595686,370.88732235937965,366.5584428639484,370.0255126953125,17708000,MSFT
2023-12-22,370.1641379669173,371.65002486970394,369.20326322723065,371.0556640625,17091100,MSFT
2023-12-26,371.47174615266005,373.393495737859,369.98585916804944,371.13494873046875,12673100,MSFT
2023-12-27,370.1741075355698,371.5312129344826,369.30238225527376,370.550537109375,14905400,MSFT
2023-12-28,371.83826458273074,372.9180055102288,370.6396575319042,371.7491149902344,14327000,MSFT
2023-12-29,372.4623210093037,373.6114105209222,369.9660418684788,372.501953125,18723000,MSFT
